timestamp_utc,model,mode,correct,total,accuracy,case,expected,extracted,is_correct,elapsed_s,prompt_style,chat_template,enable_thinking,max_tokens,output
2026-05-20T20:33:17.426324+00:00,mlx-community/Qwen3-1.7B-4bit,hrm,5,17,0.29411764705882354,algebra,12.5|25/2,x = \frac{2,False,3.089125250000052,boxed,True,False,256,"We are given the equation:

$$
7(x - 3) + 2x = 5x + 29
$$

---

### **Step 1: Expand the left-hand side (LHS)**

$$
7(x - 3) + 2x = 7x - 21 + 2x
$$

Now combine like terms:

$$
7x + 2x = 9x
$$

So, the equation becomes:

$$
9x - 21 = 5x + 29
$$

---

### **Step 2: Get all the $x$-terms on one side and constants on the other**

Subtract $5x$ from both sides:

$$
9x - 21 - 5x = 29
$$

Simplify:

$$
4x - 21 = 29
$$

Add 21 to both sides:

$$
4x = 29 + 21 = 50
$$

---

### **Step 3: Solve for $x$**

$$
x = \frac{50}{4}
$$

Simplify the fraction:

$$
x = \frac{2"
2026-05-20T20:33:17.426324+00:00,mlx-community/Qwen3-1.7B-4bit,hrm,5,17,0.29411764705882354,markup,96|$96,= 1.00x \times 0.80 = 0.80x,False,3.095456208000087,boxed,True,False,256,"We are given:

- The jacket is **marked up by 25%**.
- Then it is **discounted by 20%**.
- The **final price is $96**.
- We are to find the **original price**.

---

### Step 1: Represent the price after a 25% markup

Let the **original price** be $ x $.

A 25% markup means the price becomes:

$$
x + 0.25x = 1.25x
$$

---

### Step 2: Represent the price after a 20% discount

Now, the price is **discounted by 20%**. That means we apply a 20% discount (i.e., we subtract 20% of the current price).

So, the final price is:

$$
1.25x - 0.20(1.25x) = 1.25x \times (1 - 0.20) = 1.25x \times 0.80
$$

$$
= 1.00x \times 0.80 = 0.80x
"
2026-05-20T20:33:17.426324+00:00,mlx-community/Qwen3-1.7B-4bit,hrm,5,17,0.29411764705882354,boxes,mixed|Mixed,- **Or,False,3.1302385419999155,boxed,True,False,256,"We are given three boxes, each labeled **Apples**, **Oranges**, and **Mixed**, and **all the labels are wrong**. That means:

- The box labeled **Apples** does **not** contain Apples.
- The box labeled **Oranges** does **not** contain Oranges.
- The box labeled **Mixed** does **not** contain Mixed.

We are told that **only one fruit** can be drawn from **one box**. The goal is to determine **which box to open** to find out what it contains, and to deduce the correct label (or the correct fruit in the box).

Let’s analyze the possible contents of each box, given that all labels are wrong.

---

Let’s consider the possible contents of the boxes, and the constraints.

We are told that **all the labels are wrong**. So, the box labeled **Apples** does **not** contain Apples, the box labeled **Oranges** does **not** contain Oranges, and the box labeled **Mixed** does **not** contain Mixed.

So, the possible contents of the boxes are:

- **Apples** → cannot be Apples → so it must be **Oranges** or **Mixed**
- **Or"
2026-05-20T20:33:17.426324+00:00,mlx-community/Qwen3-1.7B-4bit,hrm,5,17,0.29411764705882354,inclusion,80,- $ |A| $: Numbers divisible by 3 from 1 to 2,False,3.0516290829998525,boxed,True,False,256,"We are asked to find how many integers from 1 to 200 (inclusive) are **divisible by 3 or 5** but **not divisible by 15**.

Let’s break this down step by step.

---

### Step 1: Define the sets

We are to count numbers from 1 to 200 that are divisible by 3 or 5, **but not by 15**.

Let’s define the sets:

- $ A = $ numbers divisible by 3
- $ B = $ numbers divisible by 5
- $ C = $ numbers divisible by 15 $

We are to find the numbers in the union $ A \cup B $, **but not in $ C $**.

So, the count is:

$$
|A \cup B| - |C| = |A \cup B| - |C|
$$

---

### Step 2: Find $ |A \cup B| $

We use the **inclusion-exclusion principle**:

$$
|A \cup B| = |A| + |B| - |A \cap B|
$$

- $ |A| $: Numbers divisible by 3 from 1 to 2"
2026-05-20T20:33:17.426324+00:00,mlx-community/Qwen3-1.7B-4bit,hrm,5,17,0.29411764705882354,modular,6,7^{103},False,3.097941624999976,boxed,True,False,256,"We are given the problem:

> What is the remainder when $ 7^{103} $ is divided by 13?

---

### Step 1: Use the **Modular Exponentiation** and **Fermat's Little Theorem**

We are to find $ 7^{103} \mod 13 $.

Fermat's Little Theorem says:

> If $ p $ is a prime and $ a $ is not divisible by $ p $, then $ a^{p-1} \equiv 1 \mod p $.

Here, $ p = 13 $, and $ 7 $ is not divisible by 13, so this applies.

So, $ 7^{12} \equiv 1 \mod 13 $.

This is helpful because it allows us to reduce the exponent $ 103 $ modulo 12.

---

### Step 2: Reduce the Exponent Modulo 12

We have:

$$
103 \div 12 = 8 \text{ remainder } 7
$$

So, $ 103 \equiv 7 \mod 12 $

Thus,

$$
7^{103}"
2026-05-20T20:33:17.426324+00:00,mlx-community/Qwen3-1.7B-4bit,hrm,5,17,0.29411764705882354,work_rate,3.75|15/4,\text{Combined rate} = \frac{5}{30} + \frac{3}{30} = \frac{,False,3.054581416000019,boxed,True,False,256,"We are given:

- **Alice** can finish a job in **6 hours**.
- **Bob** can finish the same job in **10 hours**.
- We are to find how long it takes for **both of them working together** to finish the job.

---

### Step 1: Find their work rates

Let’s assume the total work is **1 job**.

- **Alice’s rate** = $\frac{1}{6}$ jobs per hour
- **Bob’s rate** = $\frac{1}{10}$ jobs per hour

---

### Step 2: Add their rates together (since they are working together)

$$
\text{Combined rate} = \frac{1}{6} + \frac{1}{10}
$$

To add these, find a common denominator. The least common denominator of 6 and 10 is 30.

$$
\frac{1}{6} = \frac{5}{30}, \quad \frac{1}{10} = \frac{3}{30}
$$

So,

$$
\text{Combined rate} = \frac{5}{30} + \frac{3}{30} = \frac{"
2026-05-20T20:33:17.426324+00:00,mlx-community/Qwen3-1.7B-4bit,hrm,5,17,0.29411764705882354,probability,1/9,$$,False,3.0579301660000056,boxed,True,False,256,"We are given two **fair dice** (standard 6-sided dice), and we are asked to find the **probability** that the **sum** of the two dice is **9**.

---

### Step 1: Determine the total number of possible outcomes

When two dice are rolled, each die has 6 faces, and each face is equally likely. So, the total number of possible outcomes is:

$$
6 \times 6 = 36
$$

So, there are **36 possible outcomes** in total.

---

### Step 2: Determine how many of these result in a sum of 9

We now list all the possible pairs of numbers (from 1 to 6) that add up to 9:

- (3, 6)
- (4, 5)
- (5, 4)
- (6, 3)

That's 4 favorable outcomes.

---

### Step 3: Calculate the probability

The probability is the number of favorable outcomes divided by the total number of possible outcomes:

$$
P(\text{sum is 9}) = \frac{4}{36} = \frac{1}{9}
$$

---

### ✅ Final Answer:

$$
\boxed"
2026-05-20T20:33:17.426324+00:00,mlx-community/Qwen3-1.7B-4bit,hrm,5,17,0.29411764705882354,sequence,67,67,True,2.8091276249999737,boxed,True,False,256,"We are given a sequence with the following rules:

- $ a_1 = 2 $
- $ a_n = 3a_{n-1} + 1 $

We are asked to find $ a_4 $.

---

### Step 1: Find $ a_2 $

Use the recursive formula:
$$
a_2 = 3a_1 + 1 = 3(2) + 1 = 6 + 1 = 7
$$

---

### Step 2: Find $ a_3 $

$$
a_3 = 3a_2 + 1 = 3(7) + 1 = 21 + 1 = 22
$$

---

### Step 3: Find $ a_4 $

$$
a_4 = 3a_3 + 1 = 3(22) + 1 = 66 + 1 = 67
$$

---

### ✅ Final Answer:
$$
\boxed{67}
$$"
2026-05-20T20:33:17.426324+00:00,mlx-community/Qwen3-1.7B-4bit,hrm,5,17,0.29411764705882354,linear_word,11,11,True,2.622403499999791,boxed,True,False,256,"We are given the following problem:

> A number is doubled and then increased by 9. The result is 31. What is the number?

---

### Step 1: Define the unknown number

Let the unknown number be $ x $.

---

### Step 2: Apply the operations

- The number is **doubled**: $ 2x $
- Then it is **increased by 9**: $ 2x + 9 $
- The result is given as 31:  
  $$
  2x + 9 = 31
  $$

---

### Step 3: Solve the equation

$$
2x + 9 = 31
$$

Subtract 9 from both sides:

$$
2x = 31 - 9
$$
$$
2x = 22
$$

Divide both sides by 2:

$$
x = 11
$$

---

### ✅ Final Answer:

$$
\boxed{11}
$$"
2026-05-20T20:33:17.426324+00:00,mlx-community/Qwen3-1.7B-4bit,hrm,5,17,0.29411764705882354,reverse_discount,80|$80,80,True,2.9341864160001023,boxed,True,False,256,"We are given that after a **10% discount**, the **price of a book is $72**.

We are to find the **original price** of the book before the discount.

---

### Step 1: Understand the relationship

A 10% discount means the customer pays **90% of the original price**.

So, the price after discount is:

$$
\text{Discounted Price} = \text{Original Price} \times (1 - 0.10) = 0.90 \times \text{Original Price}
$$

We are given that the discounted price is $72, so:

$$
0.90 \times \text{Original Price} = 72
$$

---

### Step 2: Solve for the original price

$$
\text{Original Price} = \frac{72}{0.90}
$$

$$
\text{Original Price} = 80
$$

---

### ✅ Final Answer:

$$
\boxed{80}
$$

The original price of the book was **$80**."
2026-05-20T20:33:17.426324+00:00,mlx-community/Qwen3-1.7B-4bit,hrm,5,17,0.29411764705882354,multiples,12,- First term:,False,3.4242983330000243,boxed,True,False,256,"We are asked to find how many **positive integers less than 100** are:

- **divisible by 4**, and
- **not divisible by 8**.

---

### Step 1: Understand the problem

We are to count numbers less than 100 that are divisible by 4, but **not** divisible by 8.

So, we need to find the numbers divisible by 4, and then **exclude** those divisible by 8 (since they are divisible by both 4 and 8).

---

### Step 2: Find how many numbers less than 100 are divisible by 4

A number divisible by 4 is of the form:

$$
4n, \quad \text{where } n \in \mathbb{Z}^+
$$

We want the numbers $ 1 \leq n < 100/4 = 25 $, so the largest $ n $ is 24.

So, the numbers divisible by 4 less than 100 are:

$$
4, 8, 12, 16, \ldots, 96
$$

This is an arithmetic sequence with:

- First term:"
2026-05-20T20:33:17.426324+00:00,mlx-community/Qwen3-1.7B-4bit,hrm,5,17,0.29411764705882354,rectangle,10,10,True,3.101650042000074,boxed,True,False,256,"We are given a **rectangle** with:

- **Perimeter** = 50
- **Length** = 15

We are to find the **width**.

---

### Step 1: Use the formula for the perimeter of a rectangle

The **perimeter (P)** of a rectangle is given by:

$$
P = 2 \times (\text{length} + \text{width})
$$

We are given:
- $ P = 50 $
- $ \text{length} = 15 $

Let the **width** be $ w $.

So, the equation becomes:

$$
50 = 2 \times (15 + w)
$$

---

### Step 2: Solve for $ w $

Divide both sides by 2:

$$
25 = 15 + w
$$

Now, subtract 15 from both sides:

$$
w = 25 - 15
$$

$$
w = 10
$$

---

### ✅ Final Answer:

$$
\boxed{10}
$$"
2026-05-20T20:33:17.426324+00:00,mlx-community/Qwen3-1.7B-4bit,hrm,5,17,0.29411764705882354,average,12,"We are also given four of the numbers: 10, 11, 13, and",False,3.6057410830001118,boxed,True,False,256,"We are given the following information:

- The **average** of **five numbers** is **12**.
- Four of the numbers are: **10, 11, 13, and 14**.
- We are to find the **fifth number**.

---

### Step 1: Use the formula for average

The **average** of a set of numbers is given by:

$$
\text{Average} = \frac{\text{Sum of numbers}}{\text{Number of numbers}}
$$

We are given the average and the number of numbers, so we can find the **total sum** of the five numbers.

Let the five numbers be:  
$$
a, b, c, d, e
$$

We are given:
- Average = 12
- Number of numbers = 5

So, the total sum is:

$$
\text{Sum} = \text{Average} \times \text{Number of numbers} = 12 \times 5 = 60
$$

So the sum of the five numbers is **60**.

We are also given four of the numbers: 10, 11, 13, and "
2026-05-20T20:33:17.426324+00:00,mlx-community/Qwen3-1.7B-4bit,hrm,5,17,0.29411764705882354,combinations,15,- $6! = 7,False,3.55844941700002,boxed,True,False,256,"We are asked to find the number of ways to **choose 2 items from 6 distinct items**.

---

### Step 1: Understand the problem

This is a **combinations** problem, not permutations, because the **order in which we choose the items does not matter**.

The formula for combinations is:

$$
C(n, k) = \frac{n!}{k!(n - k)!}
$$

Where:
- $n$ is the total number of items,
- $k$ is the number of items to choose,
- $n!$ is the factorial of $n$,
- $k!$ and $(n - k)!$ are factorials of $k$ and $n - k$.

---

### Step 2: Plug in the values

We are given:
- $n = 6$ (total items)
- $k = 2$ (items to choose)

So, the number of ways to choose 2 items from 6 is:

$$
C(6, 2) = \frac{6!}{2!(6 - 2)!} = \frac{6!}{2! \cdot 4!}
$$

Now simplify:

- $6! = 7"
2026-05-20T20:33:17.426324+00:00,mlx-community/Qwen3-1.7B-4bit,hrm,5,17,0.29411764705882354,coins,3/8,$$,False,3.5426993330002006,boxed,True,False,256,"We are given that **three fair coins are flipped**, and we are to find the **probability of getting exactly two heads**.

---

### Step 1: Understand the problem

We are dealing with **independent events** (since the coins are fair and flipped one after the other), and we are looking for the probability of a **specific outcome** (exactly two heads and one tail).

There are **three coins**, and each has two possible outcomes: **Head (H)** or **Tail (T)**.

So, the total number of possible outcomes (sample space) is:

$$
2^3 = 8
$$

Now, we are to find the number of favorable outcomes where **exactly two are heads** and **one is a tail**.

---

### Step 2: Count the number of favorable outcomes

We are to find the number of ways to get exactly two heads and one tail in three coin tosses.

This is a **combinatorial** problem: how many ways can we choose **2 positions** out of 3 to be **heads**, and the remaining one is a **tail**.

That is, the number of favorable outcomes is:

$$
\binom{3}{2} = 3
$$"
2026-05-20T20:33:17.426324+00:00,mlx-community/Qwen3-1.7B-4bit,hrm,5,17,0.29411764705882354,modular_small,2,2,True,3.2748556660001213,boxed,True,False,256,"We are given the problem:

> What is the remainder when $ 5^4 $ is divided by 7?

---

### Step 1: Understand the question
We are to find the **remainder** when $ 5^4 $ is divided by 7. That is, we want to compute:

$$
5^4 \mod 7
$$

---

### Step 2: Compute $ 5^4 $ directly
$$
5^4 = 5 \times 5 \times 5 \times 5 = 625
$$

Now, we need to find the remainder when 625 is divided by 7.

---

### Step 3: Compute $ 625 \mod 7 $

We can compute this by dividing 625 by 7 and finding the remainder.

Let’s do the division:

$$
625 \div 7 = 89 \text{ remainder } 2
$$

So, the remainder is:

$$
625 \mod 7 = 2
$$

---

### ✅ Final Answer:

$$
\boxed{2}
$$"
2026-05-20T20:33:17.426324+00:00,mlx-community/Qwen3-1.7B-4bit,hrm,5,17,0.29411764705882354,syllogism,yes,"- So, all bloops are",False,3.5789980419999665,boxed,True,False,256,"Let's break this down step by step using formal logic and set theory.

---

### Given:
1. **All bloops are razzies.**  
   This means:  
   $$
   \text{Blop} \subseteq \text{Razzie}
   $$

2. **All razzies are lazzies.**  
   This means:  
   $$
   \text{Razzie} \subseteq \text{Lazzie}
   $$

---

### What can we conclude from these two statements?

We are told:
- All bloops are razzies.
- All razzies are lazzies.

So, combining these, we can say:
- All bloops are lazzies.

This is a **syllogism** in formal logic:
- All A are B.
- All B are C.
- Therefore, all A are C.

So, **all bloops are lazzies.**

---

### The question:
> Must all bloops be lazzies?

Yes, **they must** be lazzies, because:
- All bloops are razzies (given).
- All razzies are lazzies (given).
- So, all bloops are"
