timestamp_utc,model,mode,correct,total,accuracy,case,expected,extracted,is_correct,elapsed_s,output
2026-05-20T20:25:49.704484+00:00,exports/hrm-text-1b-mlx-bf16,hrm-text,16,17,0.9411764705882353,algebra,12.5|25/2,\dfrac{25}{2},True,16.656210082999962,"

To solve the equation \(7(x - 3) + 2x = 5x + 29\), follow these steps:

1. **Expand the left side**:
   \[
   7(x - 3) + 2x = 7x - 21 + 2x
   \]
   Combine like terms:
   \[
   9x - 21
   \]

2. **Set the equation equal to the right side**:
   \[
   9x - 21 = 5x + 29
   \]

3. **Subtract \(5x\) from both sides** to gather like terms:
   \[
   4x - 21 = 29
   \]

4. **Add 21 to both sides** to isolate the term with \(x\):
   \[
   4x = 50
   \]

5. **Divide both sides by 4** to solve for \(x\):
   \[
   x = \frac{50}{4} = \frac{25}{2}
   \]

**Verification**:
Substitute \(x = \frac{25}{2}\) back into the original equation:
- Left side: \(7\left(\frac{25}{2} - 3\right) + 2\left(\frac{25}{2}\right) = 7\left(\frac{19}{2}\right) + 25 = \frac{133}{2} + 25 = \frac{183}{2}\)
- Right side: \(5\left(\frac{25}{2}\right) + 29 = \frac{125}{2} + 29 = \frac{125}{2} + \frac{58}{2} = \frac{183}{2}\)

Both sides are equal, confirming the solution is correct.

**Final Answer**: \(\boxed{\dfrac{25}{2}}\)"
2026-05-20T20:25:49.704484+00:00,exports/hrm-text-1b-mlx-bf16,hrm-text,16,17,0.9411764705882353,markup,96|$96,96,True,12.64156225000005,"

The original price of the jacket can be determined by working backwards from the final price of $96. Let \( P \) represent the original price.

1. **Markup by 25%**:  
   The price after a 25% markup is \( 1.25P \).

2. **Discount by 20%**:  
   The price after a 20% discount is \( 0.8 \times 1.25P \).

3. **Set up the equation**:  
   \[
   0.8 \times 1.25P = 96
   \]

4. **Solve for \( P \)**:
   \[
   1.0P = 96 \implies P = \frac{96}{1.0} = 96
   \]

**Verification**:  
- Original price: $96  
- Markup: \( 96 \times 1.25 = 120 \)  
- Discount: \( 120 \times 0.8 = 96 \)  

The calculations confirm the original price is **$96**.

**Final Answer**:  
The original price of the jacket was \(\boxed{96}\) dollars."
2026-05-20T20:25:49.704484+00:00,exports/hrm-text-1b-mlx-bf16,hrm-text,16,17,0.9411764705882353,boxes,mixed|Mixed,**Final Answer**: The fruit is drawn from the **Mixed** box.,True,19.97141316599999,"

The problem involves three boxes labeled Apples (A), Oranges (O), and Mixed (M), all of which are incorrect labels. To determine which box contains the fruit drawn, we analyze the logical implications:

1. **Assumption for Contradiction**: Suppose the fruit is **Apples (A)**.  
   - If A is Apples, then O and M must be Oranges and Mixed (since all labels are wrong).  
   - However, this leads to a contradiction: A (Apples) and O (Oranges) are distinct, but O is the only remaining label.  
   - **Conclusion**: A cannot be Apples.  

2. **Assumption for Contradiction**: Suppose the fruit is **Oranges (O)**.  
   - If O is Oranges, then A and M must be Apples and Mixed (since all labels are wrong).  
   - However, this leads to a contradiction: A (Apples) and M (Mixed) are distinct, but M is the only remaining label.  
   - **Conclusion**: O cannot be Oranges.  

3. **Conclusion**: The only remaining possibility is that the fruit is **Mixed (M)**.  
   - If M is Mixed, then A and O must be Apples and Oranges (since all labels are wrong).  
   - **Verification**:  
     - A (Apples) is wrong.  
     - O (Oranges) is wrong.  
     - M (Mixed) is correct.  
   - **Final Answer**: The fruit is drawn from the **Mixed** box.  

**Step-by-Step Explanation**:  
- Assume the fruit is **Apples (A)**.  
- Then O and M must be Oranges and Mixed, but O is the only remaining label.  
- This leads to a contradiction.  
- Similarly, assume the fruit is **Oranges (O)**.  
- Then A and M must be Apples and Mixed, but A is the only remaining label.  
- This also leads to a contradiction.  
- The only remaining possibility is **Mixed (M)**, which satisfies all conditions.  

**Final Answer**: The fruit is drawn from the **Mixed** box."
2026-05-20T20:25:49.704484+00:00,exports/hrm-text-1b-mlx-bf16,hrm-text,16,17,0.9411764705882353,inclusion,80,80,True,12.902716834000046,"

To determine how many integers from 1 to 200 inclusive are divisible by 3 or 5 but not by 15, we use the principle of inclusion-exclusion and subtract the numbers divisible by 15.

1. **Count numbers divisible by 3**:
   \[
   \left\lfloor \frac{200}{3} \right\rfloor = 66
   \]

2. **Count numbers divisible by 5**:
   \[
   \left\lfloor \frac{200}{5} \right\rfloor = 40
   \]

3. **Count numbers divisible by both 3 and 5 (i.e., 15)**:
   \[
   \left\lfloor \frac{200}{15} \right\rfloor = 13
   \]

4. **Apply inclusion-exclusion principle**:
   \[
   66 + 40 - 13 = 93
   \]

5. **Subtract numbers divisible by 15** (since we need numbers divisible by 3 or 5 but not by 15):
   \[
   93 - 13 = 80
   \]

Thus, the number of integers from 1 to 200 inclusive that are divisible by 3 or 5 but not by 15 is \(\boxed{80}\)."
2026-05-20T20:25:49.704484+00:00,exports/hrm-text-1b-mlx-bf16,hrm-text,16,17,0.9411764705882353,modular,6,6,True,50.31506079099995,"

To find the remainder when \(7^{103}\) is divided by 13, we can use Fermat's Little Theorem. Fermat's Little Theorem states that if \(p\) is a prime number and \(a\) is an integer not divisible by \(p\), then \(a^{p-1} \equiv 1 \pmod{p}\). Here, \(p = 13\) and \(a = 7\), so \(7^{12} \equiv 1 \pmod{13}\).

First, we express 103 in terms of multiples of 12:
\[
103 = 12 \times 8 + 7
\]
Thus,
\[
7^{103} = 7^{12 \times 8 + 7} = (7^{12})^8 \times 7^7
\]
Using Fermat's Little Theorem, we know \(7^{12} \equiv 1 \pmod{13}\), so:
\[
(7^{12})^8 \equiv 1^8 \equiv 1 \pmod{13}
\]
Therefore,
\[
7^{103} \equiv 1 \times 7^7 \equiv 7^7 \pmod{13}
\]

Next, we compute \(7^7 \mod 13\) step by step:
\[
\begin{align*}
7^1 &\equiv 7 \pmod{13}, \\
7^2 &\equiv 49 \equiv 10 \pmod{13}, \\
7^3 &\equiv 7 \times 10 = 70 \equiv 5 \pmod{13}, \\
7^4 &\equiv 7 \times 5 = 35 \equiv 9 \pmod{13}, \\
7^5 &\equiv 7 \times 9 = 63 \equiv 11 \pmod{13}, \\
7^6 &\equiv 7 \times 11 = 77 \equiv 12 \pmod{13}, \\
7^7 &\equiv 7 \times 12 = 84 \equiv 6 \pmod{13}.
\end{align*}
\]

Thus, the remainder when \(7^{103}\) is divided by 13 is \(\boxed{6}\)."
2026-05-20T20:25:49.704484+00:00,exports/hrm-text-1b-mlx-bf16,hrm-text,16,17,0.9411764705882353,work_rate,3.75|15/4,3.75,True,33.462693083999966,"

To determine how long Alice and Bob need to complete the job together, we analyze their individual work rates and combine them:

1. **Alice's Rate**:  
   Alice finishes the job in 6 hours, so her rate is:  
   \[
   \frac{1 \text{ job}}{6 \text{ hours}} = \frac{1}{6} \text{ jobs/hour}
   \]

2. **Bob's Rate**:  
   Bob finishes the job in 10 hours, so his rate is:  
   \[
   \frac{1 \text{ job}}{10 \text{ hours}} = \frac{1}{10} \text{ jobs/hour}
   \]

3. **Combined Rate**:  
   When working together, their rates add:  
   \[
   \frac{1}{6} + \frac{1}{10} = \frac{5}{30} + \frac{3}{30} = \frac{8}{30} = \frac{4}{15} \text{ jobs/hour}
   \]

4. **Time to Complete the Job Together**:  
   The time \( t \) is the reciprocal of their combined rate:  
   \[
   t = \frac{1}{\frac{4}{15}} = \frac{15}{4} \text{ hours} = 3.75 \text{ hours}
   \]

**Final Answer**:  
Alice and Bob need \(\boxed{3.75}\) hours to complete the job together."
2026-05-20T20:25:49.704484+00:00,exports/hrm-text-1b-mlx-bf16,hrm-text,16,17,0.9411764705882353,probability,1/9,\dfrac{1}{9},True,7.085368707999919,"

The probability that the sum of two fair dice is 9 is calculated as follows:

1. **Total Possible Outcomes**:  
   Each die has 6 faces, so the total number of outcomes when rolling two dice is:  
   \[
   6 \times 6 = 36
   \]

2. **Favorable Outcomes**:  
   We identify all pairs \((a, b)\) where \(a + b = 9\):  
   - \((3, 6)\)  
   - \((4, 5)\)  
   - \((5, 4)\)  
   - \((6, 3)\)  
   There are **4** such pairs.

3. **Probability Calculation**:  
   The probability is the ratio of favorable outcomes to total outcomes:  
   \[
   \frac{4}{36} = \frac{1}{9}
   \]

**Final Answer**:  
The probability is \(\boxed{\dfrac{1}{9}}\)."
2026-05-20T20:25:49.704484+00:00,exports/hrm-text-1b-mlx-bf16,hrm-text,16,17,0.9411764705882353,sequence,67,67,True,15.824353458000019,"

To find \( a_4 \) in the sequence defined by \( a_1 = 2 \) and \( a_n = 3a_{n-1} + 1 \), we proceed as follows:

1. **Calculate \( a_2 \):**
   \[
   a_2 = 3a_1 + 1 = 3(2) + 1 = 6 + 1 = 7
   \]

2. **Calculate \( a_3 \):**
   \[
   a_3 = 3a_2 + 1 = 3(7) + 1 = 21 + 1 = 22
   \]

3. **Calculate \( a_4 \):**
   \[
   a_4 = 3a_3 + 1 = 3(22) + 1 = 66 + 1 = 67
   \]

**Verification via Closed-Form Formula:**
The recurrence relation \( a_n = 3a_{n-1} + 1 \) is linear. Solving it:
- Homogeneous solution: \( A \cdot 3^n \)
- Particular solution: \( -1 \)
- General solution: \( a_n = A \cdot 3^n - 1 \)
- Using \( a_1 = 2 \):
  \[
  2 = 3A - 1 \implies A = 1
  \]
- Thus, \( a_n = 3^n - 1 \), confirming \( a_4 = 3^4 - 1 = 81 - 1 = 80 \).

**Final Answer:**
\[
\boxed{67}
\]"
2026-05-20T20:25:49.704484+00:00,exports/hrm-text-1b-mlx-bf16,hrm-text,16,17,0.9411764705882353,linear_word,11,11,True,8.149854707999907,"

The number is **11**.

**Step-by-Step Explanation:**

1. **Define the variable:** Let the number be \( x \).
2. **Translate the problem into an equation:**  
   - Double the number: \( 2x \).
   - Increase by 9: \( 2x + 9 \).
   - The result is 31:  
     \[
     2x + 9 = 31
     \]
3. **Solve for \( x \):**  
   - Subtract 9 from both sides:  
     \[
     2x = 31 - 9 \implies 2x = 22
     \]
   - Divide by 2:  
     \[
     x = \frac{22}{2} \implies x = 11
     \]
4. **Verification:**  
   - Double 11: \( 2 \times 11 = 22 \).
   - Add 9: \( 22 + 9 = 31 \), which matches the given result.

**Answer:** The number is \(\boxed{11}\)."
2026-05-20T20:25:49.704484+00:00,exports/hrm-text-1b-mlx-bf16,hrm-text,16,17,0.9411764705882353,reverse_discount,80|$80,80,True,6.157211500000017,"

The original price of the book can be determined by recognizing that a 10% discount reduces the price to 90% of the original amount. Let \( P \) represent the original price. The equation is:

\[
0.90P = 72
\]

Solving for \( P \):

\[
P = \frac{72}{0.90} = 80
\]

**Verification:**  
A 10% discount on $80 is \( 0.10 \times 80 = 8 \). Subtracting this from the original price gives \( 80 - 8 = 72 \), which matches the given price after the discount.

**Final Answer:**  
The original price of the book was \(\boxed{80}\) dollars."
2026-05-20T20:25:49.704484+00:00,exports/hrm-text-1b-mlx-bf16,hrm-text,16,17,0.9411764705882353,multiples,12,12,True,21.503388040999994,"

To determine how many positive integers less than 100 are divisible by 4 but not by 8, follow these steps:

1. **Count numbers divisible by 4**:  
   The largest multiple of 4 less than 100 is 96.  
   \[
   \frac{96}{4} = 24
   \]  
   So, there are **24** multiples of 4.

2. **Count numbers divisible by both 4 and 8 (i.e., divisible by 8)**:  
   The largest multiple of 8 less than 100 is 96.  
   \[
   \frac{96}{8} = 12
   \]  
   So, there are **12** multiples of 8.

3. **Subtract the count of multiples of 8 from multiples of 4**:  
   \[
   24 - 12 = 12
   \]  
   This gives the number of integers divisible by 4 but not by 8.

**Verification**:  
Listing multiples of 4 less than 100:  
4, 8, 12, 16, 20, 24, 28, 32, 36, 40, 44, 48, 52, 56, 60, 64, 68, 72, 76, 80, 84, 88, 92, 96.  
Excluding multiples of 8:  
4, 12, 20, 28, 36, 44, 52, 60, 68, 76, 84, 92.  
This confirms **12** numbers.

**Final Answer**:  
\boxed{12}"
2026-05-20T20:25:49.704484+00:00,exports/hrm-text-1b-mlx-bf16,hrm-text,16,17,0.9411764705882353,rectangle,10,10,True,7.560139790999983,"

The perimeter \( P \) of a rectangle is given by the formula:  
\[
P = 2 \times (\text{length} + \text{width})
\]  
Given \( P = 50 \) and length \( = 15 \), substitute these values into the formula:  
\[
50 = 2 \times (15 + \text{width})
\]  
Divide both sides by 2:  
\[
25 = 15 + \text{width}
\]  
Subtract 15 from both sides to solve for width:  
\[
\text{width} = 25 - 15 = 10
\]  

**Verification:**  
Substitute length = 15 and width = 10 back into the perimeter formula:  
\[
P = 2 \times (15 + 10) = 2 \times 25 = 50
\]  
The calculation confirms the solution is correct.  

**Final Answer:**  
The width of the rectangle is \(\boxed{10}\)."
2026-05-20T20:25:49.704484+00:00,exports/hrm-text-1b-mlx-bf16,hrm-text,16,17,0.9411764705882353,average,12,12,True,8.231041165999955,"

The average of five numbers is 12, so the total sum of all five numbers is calculated as follows:

\[
\text{Total Sum} = \text{Average} \times \text{Number of Terms} = 12 \times 5 = 60
\]

Given four numbers: 10, 11, 13, and 14, we first find their sum:

\[
10 + 11 + 13 + 14 = 48
\]

To find the fifth number, subtract the sum of the four known numbers from the total sum:

\[
\text{Fifth Number} = \text{Total Sum} - \text{Sum of Four Numbers} = 60 - 48 = 12
\]

**Verification:**  
Adding the fifth number to the known four confirms the total sum:

\[
10 + 11 + 13 + 14 + 12 = 60
\]

**Final Answer:**  
The fifth number is \(\boxed{12}\)."
2026-05-20T20:25:49.704484+00:00,exports/hrm-text-1b-mlx-bf16,hrm-text,16,17,0.9411764705882353,combinations,15,15,True,30.73365029099989,"

To determine the number of ways to choose 2 items from 6 distinct items, we use the combination formula:

\[
C(n, k) = \frac{n!}{k!(n - k)!}
\]

**Step-by-Step Explanation:**

1. **Identify the values:**  
   - Total items (\(n\)) = 6  
   - Items to choose (\(k\)) = 2  

2. **Apply the combination formula:**  
   \[
   C(6, 2) = \frac{6!}{2!(6 - 2)!} = \frac{6!}{2! \cdot 4!}
   \]

3. **Simplify the factorials:**  
   - \(6! = 6 \times 5 \times 4!\)  
   - Substitute into the formula:  
     \[
     C(6, 2) = \frac{6 \times 5 \times 4!}{2! \times 4!} = \frac{6 \times 5}{2!}
     \]

4. **Calculate the remaining terms:**  
   - \(2! = 2\)  
   - Divide:  
     \[
     C(6, 2) = \frac{6 \times 5}{2} = \frac{30}{2} = 15
     \]

**Verification via alternative methods:**  
- **Permutations first:**  
  \[
  P(6, 2) = 6 \times 5 = 30
  \]  
  Divide by \(2!\) to account for unordered pairs:  
  \[
  \frac{30}{2} = 15
  \]  
- **Direct enumeration:**  
  List all possible pairs:  
  (1,2), (1,3), (1,4), (1,5), (1,6), (2,3), (2,4), (2,5), (2,6), (3,4), (3,5), (3,6), (4,5), (4,6), (5,6)  
  Total: **15**.

**Final Answer:**  
There are \(\boxed{15}\) ways to choose 2 items from 6 distinct items."
2026-05-20T20:25:49.704484+00:00,exports/hrm-text-1b-mlx-bf16,hrm-text,16,17,0.9411764705882353,coins,3/8,\dfrac{3}{8},True,11.049620875000073,"

The probability of getting exactly two heads when flipping three fair coins is calculated as follows:

1. **Total Possible Outcomes**:  
   Each coin has 2 possible outcomes (heads or tails), so for three coins:  
   \[
   2^3 = 8 \text{ total outcomes.}
   \]

2. **Favorable Outcomes**:  
   The outcomes with exactly two heads are:  
   - HHT  
   - HTH  
   - THH  
   There are **3** such outcomes.

3. **Probability Calculation**:  
   Probability = (Number of favorable outcomes) / (Total possible outcomes)  
   \[
   \frac{3}{8}.
   \]

**Final Answer**:  
The probability is \(\boxed{\dfrac{3}{8}}\)."
2026-05-20T20:25:49.704484+00:00,exports/hrm-text-1b-mlx-bf16,hrm-text,16,17,0.9411764705882353,modular_small,2,All methods confirm that the remainder when,False,67.06586500000003,"

To find the remainder when \(5^4\) is divided by 7, we can use modular arithmetic and observe patterns in powers of 5 modulo 7.

1. **Calculate powers of 5 modulo 7:**
   - \(5^1 \equiv 5 \mod 7\)
   - \(5^2 = 25 \equiv 4 \mod 7\) (since \(25 - 3 \times 7 = 4\))
   - \(5^3 = 5 \times 4 = 20 \equiv 6 \mod 7\) (since \(20 - 2 \times 7 = 6\))
   - \(5^4 = 5 \times 6 = 30 \equiv 2 \mod 7\) (since \(30 - 4 \times 7 = 2\))

2. **Verify using the binomial theorem:**
   - Expand \((7 - 2)^4\) using the binomial theorem:
     \[
     (7 - 2)^4 = 7^4 - 4 \times 7^3 \times 2 + 6 \times 7^2 \times 2^2 - 4 \times 7 \times 2^3 + 2^4
     \]
   - All terms except \(2^4\) are divisible by 7, so:
     \[
     (7 - 2)^4 \equiv 2^4 \mod 7
     \]
   - Calculate \(2^4 = 16 \equiv 2 \mod 7\).

3. **Check divisibility by 7:**
   - \(5^4 = 625\) is divisible by 7 (since \(7 \times 89 = 623\) and \(625 - 623 = 2\), but 625 is not divisible by 7, but the remainder is 2).

4. **Verify using the Chinese Remainder Theorem:**
   - Compute \(5^4 \mod 7\) and \(5^4 \mod 3\):
     - \(5^4 \equiv 2 \mod 7\)
     - \(5^4 \equiv 1 \mod 3\)
   - Solve the system \(x \equiv 2 \mod 7\) and \(x \equiv 1 \mod 3\):
     - \(x = 7k + 2\)
     - \(7k + 2 \equiv 1 \mod 3 \Rightarrow k \equiv 2 \mod 3\)
     - \(k = 3m + 2\)
     - \(x = 21m + 16 \equiv 2 \mod 21\)

All methods confirm that the remainder when"
2026-05-20T20:25:49.704484+00:00,exports/hrm-text-1b-mlx-bf16,hrm-text,16,17,0.9411764705882353,syllogism,yes,"Yes, all bloops must be lazzies.",True,8.902264708000075,"

The conclusion that all bloops are lazzies is **true**. Here's the step-by-step reasoning:

1. **Given**:  
   - All bloops are razzies: \( B \subseteq R \).  
   - All razzies are lazzies: \( R \subseteq L \).  

2. **Implication of \( B \subseteq R \)**:  
   If \( x \) is a bloop (\( x \in B \)), then \( x \) must also be a razzie (\( x \in R \)).  

3. **Implication of \( R \subseteq L \)**:  
   If \( x \) is a razzie (\( x \in R \)), then \( x \) must also be a lazzie (\( x \in L \)).  

4. **Combining the implications**:  
   For any \( x \in B \), \( x \in R \) and \( x \in R \subseteq L \). Thus, \( x \in L \).  

5. **Conclusion**:  
   Since every bloop is a lazzie, all bloops are lazzies.  

**Final Answer**:  
Yes, all bloops must be lazzies."
