timestamp_utc,model,mode,correct,total,accuracy,case,expected,extracted,is_correct,elapsed_s,prompt_style,chat_template,enable_thinking,max_tokens,logit_blend,output
2026-05-20T20:34:54.956053+00:00,mlx-community/Qwen3-1.7B-4bit,hrm,5,17,0.29411764705882354,algebra,12.5|25/2,### **Step,False,3.921817082999951,boxed,True,False,256,0.1,"We are given the equation:

$$
7(x - 3) + 2x = 5x + 29
$$

---

### **Step 1: Distribute the 7 in the left-hand side (LHS)**

$$
7(x - 3) = 7x - 21
$$

So the equation becomes:

$$
7x - 21 + 2x = 5x + 29
$$

---

### **Step 2: Combine like terms on the left-hand side (LHS)**

$$
7x + 2x - 21 = 5x + 29
$$
$$
9x - 21 = 5x + 29
$$

---

### **Step 3: Subtract $5x$ from both sides**

$$
9x - 21 - 5x = 29
$$
$$
4x - 21 = 29
$$

---

### **Step 4: Add 21 to both sides**

$$
4x = 29 + 21
$$
$$
4x = 50
$$

---

### **Step "
2026-05-20T20:34:54.956053+00:00,mlx-community/Qwen3-1.7B-4bit,hrm,5,17,0.29411764705882354,markup,96|$96,### Step 2: Re-do the price changes,False,3.138619374999962,boxed,True,False,256,0.1,"We are given:

- The jacket is **marked up by 25%**.
- Then it is **discounted by 20%**.
- The **final price** is **$96**.
- We are to find the **original price**.

---

### Step 1: Understand the price changes

Let the **original price** be $ x $.

#### Step 1a: Mark up by 25%

A 25% markup means the price becomes:

$$
x + 0.25x = 1.25x
$$

#### Step 1b: Discount by 20%

A 20% discount on the new price:

$$
1.25x - 0.20(1.25x) = 1.25x \times (1 - 0.20) = 1.25x \times 0.80
$$

So, the final price is:

$$
1.25x \times 0.80 = 1.00x
$$

Wait, that's not right. Let's do it more carefully.

---

### Step 2: Re-do the price changes"
2026-05-20T20:34:54.956053+00:00,mlx-community/Qwen3-1.7B-4bit,hrm,5,17,0.29411764705882354,boxes,mixed|Mixed,"Now, the key is to figure out **which box is the only one that can contain the",False,3.320716624999932,boxed,True,False,256,0.1,"We are given three boxes, each labeled **Apples**, **Oranges**, and **Mixed**, and all **labels are wrong**. That means:

- The box labeled **Apples** does **not** contain Apples.
- The box labeled **Oranges** does **not** contain Oranges.
- The box labeled **Mixed** does **not** contain Mixed.

We are told that **you may draw one fruit from one box**. The question is: **Which labeled box do you draw from?**

---

Let’s analyze the possible contents of each box, given that all labels are wrong.

We are told that **no box contains its own label**. So:

- The **Apples** box does **not** have Apples.
- The **Oranges** box does **not** have Oranges.
- The **Mixed** box does **not** have Mixed.

So, the possible contents of the boxes are:

- Apples box: could be **Oranges** or **Mixed**
- Oranges box: could be **Apples** or **Mixed**
- Mixed box: could be **Apples** or **Oranges**

Now, the key is to figure out **which box is the only one that can contain the"
2026-05-20T20:34:54.956053+00:00,mlx-community/Qwen3-1.7B-4bit,hrm,5,17,0.29411764705882354,inclusion,80,|A \cup B| - |C \cap (A \cup B,False,3.316836917000046,boxed,True,False,256,0.1,"We are asked to find how many integers from 1 to 200 inclusive are **divisible by 3 or 5 but not by 15**.

---

### Step 1: Understand the problem

We are to count numbers from 1 to 200 that are divisible by **3 or 5**, **but not divisible by 15**.

So, the numbers we are looking for are:

- Divisible by 3 or 5
- **Not divisible by 15**

Note: A number divisible by 15 is divisible by both 3 and 5, so we need to be careful with that.

---

### Step 2: Use the principle of inclusion-exclusion

We want to count numbers divisible by 3 or 5, but **not** divisible by 15.

Let’s define:

- $ A $: Numbers divisible by 3
- $ B $: Numbers divisible by 5
- $ C $: Numbers divisible by 15

We are to count numbers in $ A \cup B $, but **not in $ C $**.

So, the count is:

$$
|A \cup B| - |C \cap (A \cup B"
2026-05-20T20:34:54.956053+00:00,mlx-community/Qwen3-1.7B-4bit,hrm,5,17,0.29411764705882354,modular,6,1,False,3.184008416999859,boxed,True,False,256,0.1,"We are asked to find the **remainder when $ 7^{103} $ is divided by 13**.

This is a classic **modular exponentiation** problem, and we can use **Fermat's Little Theorem** to simplify the exponent.

---

### Step 1: Use Fermat's Little Theorem

Fermat's Little Theorem says:

> If $ p $ is a prime and $ a $ is not divisible by $ p $, then:
> $$
> a^{p-1} \equiv 1 \pmod{p}
> $$

Here, $ p = 13 $, and $ a = 7 $. Since 13 is prime and 7 is not divisible by 13, this applies.

So:
$$
7^{12} \equiv 1 \pmod{13}
$$

---

### Step 2: Reduce the Exponent Modulo 12

We need to compute:
$$
7^{103} \mod 13
$$

We can reduce the exponent 103 modulo 12 (since $ 7^{12} \equiv 1 \mod 13 $):

$$
1"
2026-05-20T20:34:54.956053+00:00,mlx-community/Qwen3-1.7B-4bit,hrm,5,17,0.29411764705882354,work_rate,3.75|15/4,\text{Combined rate} = \frac{5}{30} + \frac{3}{30} = \frac{8,False,3.2122844169998643,boxed,True,False,256,0.1,"We are given:

- **Alice** can finish a job in **6 hours**.
- **Bob** can finish the same job in **10 hours**.
- We are to find how long it takes for **Alice and Bob to finish the job together**.

---

### Step 1: Find their work rates

Let’s assume the total job is **1 unit** (e.g., a single job).

- **Alice’s rate** = $ \frac{1}{6} $ jobs per hour
- **Bob’s rate** = $ \frac{1}{10} $ jobs per hour

---

### Step 2: Add their rates together

When working together, their combined rate is:

$$
\text{Combined rate} = \frac{1}{6} + \frac{1}{10}
$$

Find a common denominator (which is 30):

$$
\frac{1}{6} = \frac{5}{30}, \quad \frac{1}{10} = \frac{3}{30}
$$

So:

$$
\text{Combined rate} = \frac{5}{30} + \frac{3}{30} = \frac{8"
2026-05-20T20:34:54.956053+00:00,mlx-community/Qwen3-1.7B-4bit,hrm,5,17,0.29411764705882354,probability,1/9,\frac{4}{36,False,3.1970770000000357,boxed,True,False,256,0.1,"We are given two **fair dice** (standard six-sided dice), and we are to find the probability that the **sum of the two dice is 9**.

---

### Step 1: Determine the total number of possible outcomes

When two dice are rolled, each die has 6 faces, and there are 6 possible outcomes for each die.

So, the total number of possible outcomes when rolling two dice is:

$$
6 \times 6 = 36
$$

---

### Step 2: Determine how many of these result in a sum of 9

We now list all the possible pairs of numbers (from 1 to 6) that add up to 9:

- (3, 6)
- (4, 5)
- (5, 4)
- (6, 3)

That's 4 favorable outcomes.

---

### Step 3: Calculate the probability

The probability is the number of favorable outcomes divided by the total number of possible outcomes:

$$
\text{Probability} = \frac{\text{Number of favorable outcomes}}{\text{Total number of outcomes}} = \frac{4}{36}
$$

Simplify the fraction:

$$
\frac{4}{36"
2026-05-20T20:34:54.956053+00:00,mlx-community/Qwen3-1.7B-4bit,hrm,5,17,0.29411764705882354,sequence,67,67,True,2.9803552079999918,boxed,True,False,256,0.1,"We are given a sequence with the following rules:

- $ a_1 = 2 $
- $ a_n = 3a_{n-1} + 1 $

We are asked to find $ a_4 $.

---

### Step 1: Find $ a_2 $

Use the recursive formula:
$$
a_2 = 3a_1 + 1 = 3(2) + 1 = 6 + 1 = 7
$$

---

### Step 2: Find $ a_3 $

$$
a_3 = 3a_2 + 1 = 3(7) + 1 = 21 + 1 = 22
$$

---

### Step 3: Find $ a_4 $

$$
a_4 = 3a_3 + 1 = 3(22) + 1 = 66 + 1 = 67
$$

---

### Final Answer:

$$
\boxed{67}
$$"
2026-05-20T20:34:54.956053+00:00,mlx-community/Qwen3-1.7B-4bit,hrm,5,17,0.29411764705882354,linear_word,11,11,True,2.7443987920000836,boxed,True,False,256,0.1,"We are given the following problem:

> A number is doubled and then increased by 9. The result is 31. What is the number?

---

Let's break it down step by step.

Let the unknown number be $ x $.

1. **The number is doubled:**  
   $ 2x $

2. **Then it is increased by 9:**  
   $ 2x + 9 $

3. **The result is 31:**  
   $ 2x + 9 = 31 $

Now, solve the equation:

$$
2x + 9 = 31
$$

Subtract 9 from both sides:

$$
2x = 31 - 9
$$
$$
2x = 22
$$

Divide both sides by 2:

$$
x = \frac{22}{2}
$$
$$
x = 11
$$

---

### Final Answer:
$$
\boxed{11}
$$"
2026-05-20T20:34:54.956053+00:00,mlx-community/Qwen3-1.7B-4bit,hrm,5,17,0.29411764705882354,reverse_discount,80|$80,80,True,2.403762707999931,boxed,True,False,256,0.1,"We are given that after a **10% discount**, the book costs **$72**.

We are to find the **original price** of the book.

---

### Step 1: Understand the relationship

A **10% discount** means the customer pays **90%** of the original price.

Let the original price be $ P $.

Then, after a 10% discount, the price becomes:

$$
P \times (1 - 0.10) = 72
$$

$$
P \times 0.90 = 72
$$

---

### Step 2: Solve for $ P $

$$
P = \frac{72}{0.90}
$$

$$
P = 80
$$

---

### ✅ Final Answer:

$$
\boxed{80}
$$

The original price of the book was **$80**."
2026-05-20T20:34:54.956053+00:00,mlx-community/Qwen3-1.7B-4bit,hrm,5,17,0.29411764705882354,multiples,12,"4, 8, 12, 16,",False,3.1552308339998945,boxed,True,False,256,0.1,"We are asked to find how many **positive integers less than 100** are:

- **Divisible by 4**, and
- **Not divisible by 8**.

---

### Step 1: Understand the problem

We are to count numbers less than 100 that are divisible by 4 **but not by 8**.

Let’s denote:
- $ A $: Set of numbers less than 100 divisible by 4
- $ B $: Set of numbers less than 100 divisible by 8

We are to find $ |A \setminus B| $, i.e., numbers in $ A $ that are **not in $ B $**.

---

### Step 2: Find how many numbers less than 100 are divisible by 4

A number divisible by 4 is of the form:
$$
4n, \text{ where } n \in \mathbb{Z}^+
$$

We want $ 4n < 100 $, so $ n < 25 $.

So, the numbers divisible by 4 less than 100 are:
$$
4, 8, 12, 16,"
2026-05-20T20:34:54.956053+00:00,mlx-community/Qwen3-1.7B-4bit,hrm,5,17,0.29411764705882354,rectangle,10,10,True,2.74628079099989,boxed,True,False,256,0.1,"We are given a **rectangle** with the following information:

- **Perimeter** = 50
- **Length** = 15

We are to find the **width** of the rectangle.

---

### Step 1: Use the formula for the perimeter of a rectangle

The **perimeter** $ P $ of a rectangle is given by:

$$
P = 2 \times (\text{length} + \text{width})
$$

We are given:
- $ P = 50 $
- Length = 15

Let the **width** be $ w $.

Substitute into the formula:

$$
50 = 2 \times (15 + w)
$$

---

### Step 2: Solve for $ w $

First, divide both sides by 2:

$$
25 = 15 + w
$$

Now, subtract 15 from both sides:

$$
w = 25 - 15 = 10
$$

---

### ✅ Final Answer:

$$
\boxed{10}
$$"
2026-05-20T20:34:54.956053+00:00,mlx-community/Qwen3-1.7B-4bit,hrm,5,17,0.29411764705882354,average,12,10 + 11 + 13 + 14,False,3.176684124999838,boxed,True,False,256,0.1,"We are given the following information:

- The **average** of **five numbers** is **12**.
- Four of the numbers are: **10, 11, 13, and 14**.
- We are to find the **fifth number**.

---

### Step 1: Use the formula for average

The **average** of a set of numbers is given by:

$$
\text{Average} = \frac{\text{Sum of numbers}}{\text{Number of numbers}}
$$

We are told the average is 12, and there are 5 numbers. So:

$$
12 = \frac{\text{Sum of 5 numbers}}{5}
$$

Multiply both sides by 5:

$$
\text{Sum of 5 numbers} = 12 \times 5 = 60
$$

So the **sum of the five numbers is 60**.

---

### Step 2: Find the fifth number

We are given four of the numbers: 10, 11, 13, and 14.

Let’s find their sum:

$$
10 + 11 + 13 + 14"
2026-05-20T20:34:54.956053+00:00,mlx-community/Qwen3-1.7B-4bit,hrm,5,17,0.29411764705882354,combinations,15,"C(6, 2) = \frac{6 \times 5",False,3.192199166999899,boxed,True,False,256,0.1,"We are asked to find the number of ways to **choose 2 items from 6 distinct items**.

---

### Step 1: Understand the problem

This is a **combinatorics** problem, specifically a **combination** problem, where the **order of selection does not matter**.

The formula for combinations is:

$$
C(n, k) = \frac{n!}{k!(n - k)!}
$$

Where:
- $ n $ is the total number of items,
- $ k $ is the number of items to choose,
- $ ! $ denotes factorial (product of all positive integers up to that number).

---

### Step 2: Apply the formula

We are given:
- $ n = 6 $ (total items),
- $ k = 2 $ (items to choose).

So,

$$
C(6, 2) = \frac{6!}{2!(6 - 2)!} = \frac{6!}{2! \cdot 4!}
$$

Now, simplify the factorials:

$$
6! = 6 \times 5 \times 4!
$$

So,

$$
C(6, 2) = \frac{6 \times 5"
2026-05-20T20:34:54.956053+00:00,mlx-community/Qwen3-1.7B-4bit,hrm,5,17,0.29411764705882354,coins,3/8,- $ p = \frac{1}{2},False,3.329419375000043,boxed,True,False,256,0.1,"We are given that **three fair coins are flipped**, and we are to find the **probability of getting exactly two heads**.

---

### Step 1: Understand the problem

We are dealing with **binomial probability** because the coin flips are independent, and the probability of each outcome (head or tail) is the same and constant.

- Number of trials (coin flips): $ n = 3 $
- Probability of success (getting a head): $ p = \frac{1}{2} $
- We want the probability of exactly 2 successes (heads).

The formula for the **binomial probability** is:

$$
P(k) = \binom{n}{k} p^k (1 - p)^{n - k}
$$

Where:
- $ \binom{n}{k} $ is the number of ways to choose $ k $ successes from $ n $ trials
- $ p $ is the probability of success
- $ 1 - p $ is the probability of failure

---

### Step 2: Plug in the values

We are looking for $ P(2) $, where:
- $ n = 3 $
- $ k = 2 $
- $ p = \frac{1}{2}"
2026-05-20T20:34:54.956053+00:00,mlx-community/Qwen3-1.7B-4bit,hrm,5,17,0.29411764705882354,modular_small,2,- $ 5^3 =,False,3.6277708340001027,boxed,True,False,256,0.1,"We are asked to find the **remainder** when $ 5^4 $ is divided by 7.

---

### Step 1: Understand the problem

We are to find:
$$
5^4 \mod 7
$$

This means we need to compute:
$$
5^4 = 625
$$
and then find the remainder when 625 is divided by 7.

---

### Step 2: Compute $ 5^4 $

$$
5^4 = 5 \times 5 \times 5 \times 5 = 625
$$

---

### Step 3: Find $ 625 \mod 7 $

We can compute this by dividing 625 by 7 and finding the remainder.

But instead of dividing directly, we can use **modular arithmetic** and simplify the exponent step by step.

---

### Step 4: Use modular exponentiation

We can compute $ 5^4 \mod 7 $ step by step:

- $ 5 \mod 7 = 5 $
- $ 5^2 = 25 \mod 7 = 25 - 21 = 4 $
- $ 5^3 ="
2026-05-20T20:34:54.956053+00:00,mlx-community/Qwen3-1.7B-4bit,hrm,5,17,0.29411764705882354,syllogism,yes,"\text{Yes, all bloops must be lazzies.}",True,3.2941825000000335,boxed,True,False,256,0.1,"Let's break this down step by step using formal logic and set theory.

---

### Given:
- All **bloops** are **razzies**.
- All **razzies** are **lazzies**.

We are asked: **Must all bloops be lazzies?**

---

### Step 1: Define the sets

Let’s define:
- $ B $: the set of **bloops**
- $ R $: the set of **razzies**
- $ L $: the set of **lazzies**

We are given:
- $ B \subseteq R $ (All bloops are razzies)
- $ R \subseteq L $ (All razzies are lazzies)

So, from these two, we can conclude:
- $ B \subseteq L $ (All bloops are lazzies)

---

### Step 2: What does this mean?

If $ B \subseteq L $, then **all bloops are lazzies**.

So, the answer is: **Yes, all bloops must be lazzies.**

---

### Final Answer:
$$
\boxed{\text{Yes, all bloops must be lazzies.}}
$$"
