timestamp_utc,model,mode,correct,total,accuracy,case,expected,extracted,is_correct,elapsed_s,prompt_style,chat_template,enable_thinking,max_tokens,logit_blend,logit_fusion,fusion_threshold,fusion_after,output
2026-05-20T20:49:50.392050+00:00,mlx-community/Qwen3-1.7B-4bit,hrm,6,17,0.35294117647058826,algebra,12.5|25/2,### **Step 5: Divide both sides by 4,False,1.6133804589999272,boxed,True,False,256,0.2,blend,0.0,\boxed|Final Answer|final answer,"We are given the equation:

$$
7(x - 3) + 2x = 5x + 29
$$

---

### **Step 1: Distribute the 7 in the left-hand side**

$$
7(x - 3) = 7x - 21
$$

So the equation becomes:

$$
7x - 21 + 2x = 5x + 29
$$

---

### **Step 2: Combine like terms on the left-hand side**

$$
7x + 2x - 21 = 5x + 29
$$
$$
9x - 21 = 5x + 29
$$

---

### **Step 3: Subtract $5x$ from both sides**

$$
9x - 21 - 5x = 29
$$
$$
4x - 21 = 29
$$

---

### **Step 4: Add 21 to both sides**

$$
4x = 29 + 21
$$
$$
4x = 50
$$

---

### **Step 5: Divide both sides by 4"
2026-05-20T20:49:50.392050+00:00,mlx-community/Qwen3-1.7B-4bit,hrm,6,17,0.35294117647058826,markup,96|$96,0.80x = 96,False,1.5982287920001,boxed,True,False,256,0.2,blend,0.0,\boxed|Final Answer|final answer,"We are given:

- The jacket is **marked up by 25%**, then **discounted by 20%**, and the **final price is $96**.
- We are to find the **original price** of the jacket.

---

### Step 1: Understand the price changes

Let the **original price** be $ x $.

- **Marked up by 25%**:
  $$
  \text{Price after 25% markup} = x + 0.25x = 1.25x
  $$

- **Discounted by 20%**:
  $$
  \text{Price after 20% discount} = 1.25x - 0.20(1.25x) = 1.25x \times (1 - 0.20) = 1.25x \times 0.80
  $$
  $$
  = 1.0x \times 0.80 = 0.80x
  $$

So, after both the markup and discount, the final price is:
$$
0.80x = 96"
2026-05-20T20:49:50.392050+00:00,mlx-community/Qwen3-1.7B-4bit,hrm,6,17,0.35294117647058826,boxes,mixed|Mixed,- The,False,1.5920459159997336,boxed,True,False,256,0.2,blend,0.0,\boxed|Final Answer|final answer,"We are given three boxes labeled:

- **Apples**
- **Oranges**
- **Mixed**

And we are told that **all the labels are wrong**. That is, **no box is labeled correctly** — that is, the box labeled ""Apples"" is not actually apples, the box labeled ""Oranges"" is not actually oranges, and the box labeled ""Mixed"" is not actually mixed.

We are also told that **you may draw one fruit from one box**. The question is: **Which labeled box do you draw from?**

---

Let’s analyze this step by step.

---

### Step 1: Understand the setup

There are **three boxes**, each labeled with a different fruit, but **all the labels are wrong**.

So:

- The box labeled **""Apples""** is **not** apples.
- The box labeled **""Oranges""** is **not** oranges.
- The box labeled **""Mixed""** is **not** mixed.

So, the possible contents of the boxes are:

- The box labeled **""Apples""** could be **Oranges** or **Mixed**
- The box labeled **""Oranges""** could be **Apples** or **Mixed**
- The"
2026-05-20T20:49:50.392050+00:00,mlx-community/Qwen3-1.7B-4bit,hrm,6,17,0.35294117647058826,inclusion,80,|A \cup B| - |C| = |A,False,1.5861215420000008,boxed,True,False,256,0.2,blend,0.0,\boxed|Final Answer|final answer,"We are asked to find how many integers from 1 to 200 inclusive are **divisible by 3 or 5 but not by 15**.

---

### Step 1: Understand the problem

We need to count numbers from 1 to 200 that satisfy the following two conditions:

1. **Divisible by 3 or 5**  
2. **Not divisible by 15**

So, we need to count numbers divisible by 3 or 5, **but not** divisible by 15.

---

### Step 2: Use the principle of inclusion-exclusion

Let’s define:

- $ A $: Numbers divisible by 3  
- $ B $: Numbers divisible by 5  
- $ C $: Numbers divisible by 15

We are to count numbers in $ A \cup B $ but not in $ C $.

So, the count is:

$$
|A \cup B| - |C| = |A| + |B| - |A \cap B| - |C|
$$

But since $ C \subseteq A \cup B $, we can simplify this to:

$$
|A \cup B| - |C| = |A"
2026-05-20T20:49:50.392050+00:00,mlx-community/Qwen3-1.7B-4bit,hrm,6,17,0.35294117647058826,modular,6,10,False,1.8240370000003168,boxed,True,False,256,0.2,blend,0.0,\boxed|Final Answer|final answer,"We are asked to find the **remainder when $ 7^{103} $ is divided by 13**.

This is a classic problem in **modular arithmetic**, and we can solve it using **Fermat's Little Theorem**.

---

### Step 1: Recall Fermat's Little Theorem

Fermat's Little Theorem states:

> If $ p $ is a prime number and $ a $ is an integer not divisible by $ p $, then:
> $$
> a^{p-1} \equiv 1 \pmod{p}
> $$

In this case:
- $ p = 13 $ (a prime)
- $ a = 7 $, and $ 7 \not\equiv 0 \pmod{13} $

So:
$$
7^{12} \equiv 1 \pmod{13}
$$

---

### Step 2: Reduce the exponent modulo 12

We need to compute:
$$
7^{103} \mod 13
$$

We can reduce the exponent modulo 12 (since $ 7^{12} \equiv 1 \mod 13 $):

$$
10"
2026-05-20T20:49:50.392050+00:00,mlx-community/Qwen3-1.7B-4bit,hrm,6,17,0.35294117647058826,work_rate,3.75|15/4,\text{Combined rate} = \frac{5}{30} + \frac{3}{30} = \frac,False,1.6387322920004408,boxed,True,False,256,0.2,blend,0.0,\boxed|Final Answer|final answer,"We are given:

- **Alice** can finish a job in **6 hours**.
- **Bob** can finish the same job in **10 hours**.
- We need to find how long it takes for **Alice and Bob working together** to finish the job.

---

### Step 1: Find their individual work rates

Let’s assume the total job is **1 unit** (e.g., a single job).

- Alice’s rate: $ \frac{1}{6} $ of the job per hour.
- Bob’s rate: $ \frac{1}{10} $ of the job per hour.

---

### Step 2: Add their rates together

When working together, their combined rate is:

$$
\text{Combined rate} = \frac{1}{6} + \frac{1}{10}
$$

Find a common denominator (which is 30):

$$
\frac{1}{6} = \frac{5}{30}, \quad \frac{1}{10} = \frac{3}{30}
$$

So:

$$
\text{Combined rate} = \frac{5}{30} + \frac{3}{30} = \frac"
2026-05-20T20:49:50.392050+00:00,mlx-community/Qwen3-1.7B-4bit,hrm,6,17,0.35294117647058826,probability,1/9,---,False,1.5750748750001549,boxed,True,False,256,0.2,blend,0.0,\boxed|Final Answer|final answer,"We are given two **fair dice** (standard six-sided dice), and we are to find the probability that the **sum of the two dice is 9**.

---

### Step 1: Determine the total number of possible outcomes

When rolling two dice, each die has 6 faces, so there are:

$$
6 \times 6 = 36
$$

possible outcomes.

---

### Step 2: Determine how many of these outcomes result in a sum of 9

We need to find all pairs of numbers (from 1 to 6) that add up to 9.

Let’s list all such pairs:

- $1 + 8 = 9$ → Not possible (since dice only go up to 6)
- $2 + 7 = 9$ → Not possible
- $3 + 6 = 9$ → Valid
- $4 + 5 = 9$ → Valid
- $5 + 4 = 9$ → Valid
- $6 + 3 = 9$ → Valid

So the valid pairs are:  
$(3,6), (4,5), (5,4), (6,3)$

That’s 4 valid outcomes.

---

"
2026-05-20T20:49:50.392050+00:00,mlx-community/Qwen3-1.7B-4bit,hrm,6,17,0.35294117647058826,sequence,67,67,True,2.30137729199987,boxed,True,False,256,0.2,blend,0.0,\boxed|Final Answer|final answer,"We are given a sequence with the following rules:

- $ a_1 = 2 $
- $ a_n = 3a_{n-1} + 1 $

We are asked to find $ a_4 $.

---

### Step 1: Find $ a_2 $

Use the recurrence relation:

$$
a_2 = 3a_1 + 1 = 3(2) + 1 = 6 + 1 = 7
$$

---

### Step 2: Find $ a_3 $

$$
a_3 = 3a_2 + 1 = 3(7) + 1 = 21 + 1 = 22
$$

---

### Step 3: Find $ a_4 $

$$
a_4 = 3a_3 + 1 = 3(22) + 1 = 66 + 1 = 67
$$

---

### Final Answer:

$$
\boxed{67}
$$"
2026-05-20T20:49:50.392050+00:00,mlx-community/Qwen3-1.7B-4bit,hrm,6,17,0.35294117647058826,linear_word,11,11,True,2.373712792000333,boxed,True,False,256,0.2,blend,0.0,\boxed|Final Answer|final answer,"We are given the following problem:

> A number is doubled and then increased by 9. The result is 31. What is the number?

---

Let’s define the unknown number as $ x $.

### Step 1: Double the number
Double the number: $ 2x $

### Step 2: Increase by 9
Now add 9: $ 2x + 9 $

### Step 3: Set the result equal to 31
We are told the result is 31, so:

$$
2x + 9 = 31
$$

### Step 4: Solve for $ x $
Subtract 9 from both sides:

$$
2x = 31 - 9
$$
$$
2x = 22
$$

Now divide both sides by 2:

$$
x = \frac{22}{2}
$$
$$
x = 11
$$

---

### Final Answer:
$$
\boxed{11}
$$"
2026-05-20T20:49:50.392050+00:00,mlx-community/Qwen3-1.7B-4bit,hrm,6,17,0.35294117647058826,reverse_discount,80|$80,80,True,2.2699117910001405,boxed,True,False,256,0.2,blend,0.0,\boxed|Final Answer|final answer,"We are given that after a **10% discount**, the **price of a book is $72**. We are to find the **original price** before the discount.

---

### Step 1: Understand the relationship

Let the **original price** of the book be $ x $.

A **10% discount** means the customer pays **90%** of the original price.

So, the price after the discount is:

$$
0.90x = 72
$$

---

### Step 2: Solve for $ x $

$$
x = \frac{72}{0.9}
$$

$$
x = 80
$$

---

### ✅ Final Answer:

$$
\boxed{80}
$$

The original price of the book was **$80**."
2026-05-20T20:49:50.392050+00:00,mlx-community/Qwen3-1.7B-4bit,hrm,6,17,0.35294117647058826,multiples,12,- Common difference $ d,False,1.8648728749999464,boxed,True,False,256,0.2,blend,0.0,\boxed|Final Answer|final answer,"We are asked to find how many **positive integers less than 100** are:

- **Divisible by 4**, and
- **Not divisible by 8**.

---

### Step 1: Understand the problem

We are looking for numbers less than 100 that are divisible by 4 **but not** by 8.

So, we need to find numbers divisible by 4, but **not** divisible by 8.

---

### Step 2: Find how many numbers less than 100 are divisible by 4

A number divisible by 4 is of the form:

$$
4n \quad \text{where } n \in \mathbb{Z}^+
$$

We want numbers less than 100, so:

$$
4n < 100 \Rightarrow n < 25
$$

So, the largest such $ n $ is 24.

So, the numbers divisible by 4 less than 100 are:

$$
4, 8, 12, 16, \dots, 96
$$

This is an arithmetic sequence with:

- First term $ a = 4 $
- Common difference $ d"
2026-05-20T20:49:50.392050+00:00,mlx-community/Qwen3-1.7B-4bit,hrm,6,17,0.35294117647058826,rectangle,10,10,True,2.7604973749998862,boxed,True,False,256,0.2,blend,0.0,\boxed|Final Answer|final answer,"We are given:

- A **rectangle** has a **perimeter** of 50.
- The **length** is 15.

We are to find the **width** of the rectangle.

---

### Step 1: Use the formula for the perimeter of a rectangle

The **perimeter** $ P $ of a rectangle is given by:

$$
P = 2 \times (\text{length} + \text{width})
$$

We are given:
- $ P = 50 $
- Length = 15

---

### Step 2: Plug in the known values

$$
50 = 2 \times (15 + \text{width})
$$

---

### Step 3: Solve for the width

First, divide both sides by 2:

$$
25 = 15 + \text{width}
$$

Now subtract 15 from both sides:

$$
\text{width} = 25 - 15 = 10
$$

---

### ✅ Final Answer:

$$
\boxed{10}
$$

The width of the rectangle is **10**."
2026-05-20T20:49:50.392050+00:00,mlx-community/Qwen3-1.7B-4bit,hrm,6,17,0.35294117647058826,average,12,10 + 11 + 13 + 1,False,1.5941838749999988,boxed,True,False,256,0.2,blend,0.0,\boxed|Final Answer|final answer,"We are given the following information:

- The **average** of **five numbers** is **12**.
- Four of the numbers are: **10, 11, 13, and 14**.
- We are to find the **fifth number**.

---

### Step 1: Use the formula for average

The **average** of a set of numbers is given by:

$$
\text{Average} = \frac{\text{Sum of numbers}}{\text{Number of numbers}}
$$

We are told the average is 12, and there are 5 numbers. So:

$$
12 = \frac{\text{Sum of 5 numbers}}{5}
$$

Multiply both sides by 5:

$$
\text{Sum of 5 numbers} = 12 \times 5 = 60
$$

So the **total sum** of the five numbers is **60**.

---

### Step 2: Find the fifth number

We are given four of the numbers: 10, 11, 13, and 14.

Let’s add those:

$$
10 + 11 + 13 + 1"
2026-05-20T20:49:50.392050+00:00,mlx-community/Qwen3-1.7B-4bit,hrm,6,17,0.35294117647058826,combinations,15,\binom{6}{2} = \frac{6!,False,1.585441124999761,boxed,True,False,256,0.2,blend,0.0,\boxed|Final Answer|final answer,"We are asked to find how many ways there are to **choose 2 items from 6 distinct items**.

---

### Step 1: Understand the problem

This is a **combinatorics** problem, specifically about **selecting a subset** of items from a larger set, where the order of selection does **not** matter.

This is a classic **combination** problem, not a permutation, because:

- **Combinations** are used when the order of selection does **not** matter.
- **Permutations** are used when the order **does** matter.

In this case, since we're just choosing 2 items **without** any specific order, it's a **combination**.

---

### Step 2: Use the combination formula

The number of ways to choose $ k $ items from $ n $ distinct items is given by the **combination formula**:

$$
\binom{n}{k} = \frac{n!}{k!(n - k)!}
$$

Where:
- $ n = 6 $ (total items)
- $ k = 2 $ (items to choose)

---

### Step 3: Plug in the values

$$
\binom{6}{2} = \frac{6!"
2026-05-20T20:49:50.392050+00:00,mlx-community/Qwen3-1.7B-4bit,hrm,6,17,0.35294117647058826,coins,3/8,- $ p = \frac{1,False,1.5954377919997569,boxed,True,False,256,0.2,blend,0.0,\boxed|Final Answer|final answer,"We are given that **three fair coins are flipped**, and we are to find the **probability of getting exactly two heads**.

---

### Step 1: Understand the problem

We are dealing with **binomial probability** because the coin flips are independent, and the probability of each outcome is the same.

- There are **3 trials** (coin flips).
- Each trial has **2 possible outcomes**: heads (H) or tails (T).
- The probability of getting **heads** in a single flip is $ \frac{1}{2} $.
- The probability of getting **tails** is also $ \frac{1}{2} $.

We are asked to find the probability of getting **exactly 2 heads** in 3 flips.

---

### Step 2: Use the binomial probability formula

The probability of getting exactly $ k $ successes (in this case, heads) in $ n $ trials is given by:

$$
P(X = k) = \binom{n}{k} p^k (1 - p)^{n - k}
$$

Where:
- $ n = 3 $ (total flips)
- $ k = 2 $ (number of heads)
- $ p = \frac{1"
2026-05-20T20:49:50.392050+00:00,mlx-community/Qwen3-1.7B-4bit,hrm,6,17,0.35294117647058826,modular_small,2,2,True,2.3947960420000527,boxed,True,False,256,0.2,blend,0.0,\boxed|Final Answer|final answer,"We are asked to find the **remainder when $5^4$ is divided by 7**.

---

### Step 1: Understand the problem

We are to compute:
$$
5^4 \mod 7
$$

This means we need to find the remainder when $5^4$ is divided by 7.

---

### Step 2: Compute $5^4$

$$
5^4 = 5 \times 5 \times 5 \times 5 = 625
$$

Now, we need to find:
$$
625 \mod 7
$$

---

### Step 3: Find $625 \mod 7$

We can compute this by dividing 625 by 7 and finding the remainder.

Let’s do the division:

$$
625 \div 7 = 89 \text{ remainder } 2
$$

So:
$$
625 \mod 7 = 2
$$

---

### ✅ Final Answer:

$$
\boxed{2}
$$"
2026-05-20T20:49:50.392050+00:00,mlx-community/Qwen3-1.7B-4bit,hrm,6,17,0.35294117647058826,syllogism,yes,"\text{Yes, all bloops must be lazzies.}",True,2.5401205419998405,boxed,True,False,256,0.2,blend,0.0,\boxed|Final Answer|final answer,"Let's break this down step by step using formal logic and set theory.

---

### Given:
- All **bloops** are **razzies**.
- All **razzies** are **lazzies**.

We are asked: **Must all bloops be lazzies?**

---

### Step 1: Define sets
Let’s define:
- $ B $: Set of all **bloops**
- $ R $: Set of all **razzies**
- $ L $: Set of all **lazzies**

From the given:
- $ B \subseteq R $ (All bloops are razzies)
- $ R \subseteq L $ (All razzies are lazzies)

So, combining these:
- $ B \subseteq R \subseteq L $, which means **all bloops are lazzies**.

---

### Step 2: Conclusion
Since $ B \subseteq L $, it follows that **all bloops are lazzies**.

---

### Final Answer:
$$
\boxed{\text{Yes, all bloops must be lazzies.}}
$$"
