timestamp_utc,model,verifier_mode,logit_fusion,logit_blend,chat_template,scoring,correct,total,accuracy,case,expected,selected_answer,selected_extracted,is_correct,margin,yes_score,no_score,candidate_count,source_file,source_mode,source_correct
2026-05-20T20:45:04.131177+00:00,mlx-community/Qwen3-1.7B-4bit,base,agreement_blend,0.2,True,answer_likelihood,6,17,0.35294117647058826,algebra,12.5|25/2,"To simplify and solve the equation, first, distribute the 7 in the equation. 7 multiplied by (x - 3) is 7x - 21. Then, the equation becomes 7x - 21 + 2x = 5x + 29. Next, combine like terms. 7x + 2x is 9x, so the equation is 9x - 21 = 5x + 2","To simplify and solve the equation, first, distribute the 7 in the equation. 7 multiplied by (x - 3) is 7x - 21. Then, the equation becomes 7x - 21 + 2x = 5x + 29. Next, combine like terms. 7x + 2x is 9x, so the equation is 9x - 21 = 5x + 2",False,-1.04949467452531,-1.04949467452531,0.0,14,exact_qwen3_1_7b_hrm.csv,hrm,False
2026-05-20T20:45:04.531439+00:00,mlx-community/Qwen3-1.7B-4bit,base,agreement_blend,0.2,True,answer_likelihood,6,17,0.35294117647058826,markup,96|$96,"The original price is 96, and the final price is 96 after 25% markup and 20% discount. So, 96 is 100% of (100% + 25% - 20% = 106% of 100% = 106% of 100% = 106% of 100% = 106% of 100","The original price is 96, and the final price is 96 after 25% markup and 20% discount. So, 96 is 100% of (100% + 25% - 20% = 106% of 100% = 106% of 100% = 106% of 100% = 106% of 100",True,-1.597740284447531,-1.597740284447531,0.0,12,exact_qwen3_1_7b_hrm.csv,hrm,True
2026-05-20T20:45:04.741352+00:00,mlx-community/Qwen3-1.7B-4bit,base,agreement_blend,0.2,True,answer_likelihood,6,17,0.35294117647058826,boxes,mixed|Mixed,to determine which box to open we need to figure out the correct labels based on the information given. since all the labels are wrong we can use the fact that the mixed box is the only one that could have both apples and oranges. if we tak,to determine which box to open we need to figure out the correct labels based on the information given. since all the labels are wrong we can use the fact that the mixed box is the only one that could have both apples and oranges. if we tak,True,-1.9756400680541992,-1.9756400680541992,0.0,5,exact_qwen3_1_7b_base.csv,base,True
2026-05-20T20:45:04.973892+00:00,mlx-community/Qwen3-1.7B-4bit,base,agreement_blend,0.2,True,answer_likelihood,6,17,0.35294117647058826,inclusion,80,2. **Count numbers divisible by 3 or 5**:,2. **Count numbers divisible by 3 or 5**:,False,-5.11886419568743,-5.11886419568743,0.0,8,exact_qwen3_1_7b_hrm.csv,hrm,False
2026-05-20T20:45:05.172719+00:00,mlx-community/Qwen3-1.7B-4bit,base,agreement_blend,0.2,True,answer_likelihood,6,17,0.35294117647058826,modular,6,"Now, according to Fermat's Little Theorem, 7^12 ≡ 1 (mod 1","Now, according to Fermat's Little Theorem, 7^12 ≡ 1 (mod 1",False,-4.398812929789226,-4.398812929789226,0.0,7,exact_qwen3_1_7b_hrm.csv,hrm,False
2026-05-20T20:45:05.700062+00:00,mlx-community/Qwen3-1.7B-4bit,base,agreement_blend,0.2,True,answer_likelihood,6,17,0.35294117647058826,work_rate,3.75|15/4,"Alice's rate is 1/6 jobs per hour, and Bob's rate is 1/10 jobs per hour. Together, their rate is 1/6 + 1/10 = 8/30 = 4/15 jobs per hour. So, time = 1 / (4/15) = 15/4 = 3.75 hours. So, 3 hours and 45 minutes. But","Alice's rate is 1/6 jobs per hour, and Bob's rate is 1/10 jobs per hour. Together, their rate is 1/6 + 1/10 = 8/30 = 4/15 jobs per hour. So, time = 1 / (4/15) = 15/4 = 3.75 hours. So, 3 hours and 45 minutes. But",False,-1.4827864170074463,-1.4827864170074463,0.0,16,exact_qwen3_1_7b_base.csv,base,False
2026-05-20T20:45:06.112921+00:00,mlx-community/Qwen3-1.7B-4bit,base,agreement_blend,0.2,True,answer_likelihood,6,17,0.35294117647058826,probability,1/9,1/9. The final answer is \boxed{\frac{,1/9. The final answer is \boxed{\frac{,True,-5.386223384312221,-5.386223384312221,0.0,15,exact_qwen3_1_7b_hrm.csv,hrm,True
2026-05-20T20:45:06.332996+00:00,mlx-community/Qwen3-1.7B-4bit,base,agreement_blend,0.2,True,answer_likelihood,6,17,0.35294117647058826,sequence,67,22,22,False,-19.64715003967285,-19.64715003967285,0.0,8,exact_qwen3_1_7b_base_chat_boxed.csv,base,True
2026-05-20T20:45:06.792788+00:00,mlx-community/Qwen3-1.7B-4bit,base,agreement_blend,0.2,True,answer_likelihood,6,17,0.35294117647058826,linear_word,11,okay let's break it down. the number is doubled which means we multiply it by 2. then it's increased by 9. so the equation would be 2x + 9 = 31 where x is the number. to find x we subtract 9 from both sides: 2x = 22. then divide by 2: x = 1,okay let's break it down. the number is doubled which means we multiply it by 2. then it's increased by 9. so the equation would be 2x + 9 = 31 where x is the number. to find x we subtract 9 from both sides: 2x = 22. then divide by 2: x = 1,False,-1.3014223881256886,-1.3014223881256886,0.0,10,exact_qwen3_1_7b_hrm.csv,hrm,False
2026-05-20T20:45:07.087701+00:00,mlx-community/Qwen3-1.7B-4bit,base,agreement_blend,0.2,True,answer_likelihood,6,17,0.35294117647058826,reverse_discount,80|$80,72/0.9,72/0.9,False,-9.435667855398995,-9.435667855398995,0.0,10,exact_qwen3_1_7b_base_chat_boxed.csv,base,True
2026-05-20T20:45:07.510144+00:00,mlx-community/Qwen3-1.7B-4bit,base,agreement_blend,0.2,True,answer_likelihood,6,17,0.35294117647058826,multiples,12,"99 divided by 4 is 24.75, so the largest multiple of 4 less than 100 is 4 × 24 = 96. So there are 24 numbers divisible by 4 from 1 to","99 divided by 4 is 24.75, so the largest multiple of 4 less than 100 is 4 × 24 = 96. So there are 24 numbers divisible by 4 from 1 to",False,-1.3400826194069602,-1.3400826194069602,0.0,13,exact_qwen3_1_7b_base.csv,base,False
2026-05-20T20:45:07.680589+00:00,mlx-community/Qwen3-1.7B-4bit,base,agreement_blend,0.2,True,answer_likelihood,6,17,0.35294117647058826,rectangle,10,12.5,12.5,False,-12.097654724121094,-12.097654724121094,0.0,6,exact_qwen3_1_7b_base.csv,base,False
2026-05-20T20:45:08.313318+00:00,mlx-community/Qwen3-1.7B-4bit,base,agreement_blend,0.2,True,answer_likelihood,6,17,0.35294117647058826,average,12,"The average of five numbers is 12, so the total sum of the numbers is 12 multiplied by 5, which is 60. The sum of the four known numbers is 10 + 11 + 13 + 14. Let's calculate that: 10 + 11 is 21, 13 + 14 is 27, and 21 + 27 is 48. The fifth ","The average of five numbers is 12, so the total sum of the numbers is 12 multiplied by 5, which is 60. The sum of the four known numbers is 10 + 11 + 13 + 14. Let's calculate that: 10 + 11 is 21, 13 + 14 is 27, and 21 + 27 is 48. The fifth",True,-1.4593812545927445,-1.4593812545927445,0.0,15,exact_qwen3_1_7b_base.csv,base,True
2026-05-20T20:45:08.765878+00:00,mlx-community/Qwen3-1.7B-4bit,base,agreement_blend,0.2,True,answer_likelihood,6,17,0.35294117647058826,combinations,15,"The number of ways to choose 2 items from 6 distinct items is calculated using combinations. The formula for combinations is C(n, k) = n! / (k! * (n - k)!), where n is the total number of items and k is the number of items to choose. Pluggi","The number of ways to choose 2 items from 6 distinct items is calculated using combinations. The formula for combinations is C(n, k) = n! / (k! * (n - k)!), where n is the total number of items and k is the number of items to choose. Pluggi",False,-2.0808438062667847,-2.0808438062667847,0.0,12,exact_qwen3_1_7b_hrm.csv,hrm,False
2026-05-20T20:45:09.078491+00:00,mlx-community/Qwen3-1.7B-4bit,base,agreement_blend,0.2,True,answer_likelihood,6,17,0.35294117647058826,coins,3/8,3/8. The final answer is 3/8. Final answer: \boxed{\dfrac{3}{8}}.,\dfrac{3}{8},True,-3.653900214603969,-3.653900214603969,0.0,10,exact_qwen3_1_7b_hrm.csv,hrm,True
2026-05-20T20:45:09.674158+00:00,mlx-community/Qwen3-1.7B-4bit,base,agreement_blend,0.2,True,answer_likelihood,6,17,0.35294117647058826,modular_small,2,"To solve this, we can use modular arithmetic. First, we know that 5 and 7 are coprime, so by Fermat's Little Theorem, 5^6 ≡ 1 mod 7. This means that 5^4 is congruent to 5^(-2) mod 7, but since 5^6 ≡ 1, 5^4 = 5^6 / 5^2 ≡ 1 / 25 mod 7. 25 mod","To solve this, we can use modular arithmetic. First, we know that 5 and 7 are coprime, so by Fermat's Little Theorem, 5^6 ≡ 1 mod 7. This means that 5^4 is congruent to 5^(-2) mod 7, but since 5^6 ≡ 1, 5^4 = 5^6 / 5^2 ≡ 1 / 25 mod 7. 25 mod",False,-1.1469815572102864,-1.1469815572102864,0.0,16,exact_qwen3_1_7b_hrm.csv,hrm,False
2026-05-20T20:45:10.052437+00:00,mlx-community/Qwen3-1.7B-4bit,base,agreement_blend,0.2,True,answer_likelihood,6,17,0.35294117647058826,syllogism,yes,"\text{Yes, all bloops must be lazzies.}","\text{Yes, all bloops must be lazzies.}",True,-4.068084462483724,-4.068084462483724,0.0,12,exact_qwen3_1_7b_base_chat_boxed.csv,base,True
