timestamp_utc,model,run_id,label,accuracy,correct,total,elapsed_s,h_cycles,l_cycles,logit_blend,alpha_l,alpha_h,beta_l,beta_h,update_mix_l,update_mix_h,refined_delta_scale,split_index,logit_fusion,fusion_threshold,case,expected,prediction,is_correct,score_A,score_B,score_C,score_D
2026-05-20T19:46:55.064016+00:00,mlx-community/Qwen3-0.6B-4bit,0,base,0.29411764705882354,5,17,0.9041010000000824,0,1,0.0,0.0,0.0,0.0,0.0,1.0,1.0,0.0,14,blend,0.0,algebra,B,A,False,-3.0683460235595703,-3.5683460235595703,-5.06834602355957,-5.81834602355957
2026-05-20T19:46:55.064016+00:00,mlx-community/Qwen3-0.6B-4bit,0,base,0.29411764705882354,5,17,0.9041010000000824,0,1,0.0,0.0,0.0,0.0,0.0,1.0,1.0,0.0,14,blend,0.0,markup,C,A,False,-1.5642929077148438,-5.314292907714844,-5.689292907714844,-5.439292907714844
2026-05-20T19:46:55.064016+00:00,mlx-community/Qwen3-0.6B-4bit,0,base,0.29411764705882354,5,17,0.9041010000000824,0,1,0.0,0.0,0.0,0.0,0.0,1.0,1.0,0.0,14,blend,0.0,boxes,C,D,False,-1.4604854583740234,-3.0854854583740234,-3.4604854583740234,-0.8354854583740234
2026-05-20T19:46:55.064016+00:00,mlx-community/Qwen3-0.6B-4bit,0,base,0.29411764705882354,5,17,0.9041010000000824,0,1,0.0,0.0,0.0,0.0,0.0,1.0,1.0,0.0,14,blend,0.0,inclusion,B,B,True,-2.0269851684570312,-0.9019851684570312,-4.776985168457031,-2.4019851684570312
2026-05-20T19:46:55.064016+00:00,mlx-community/Qwen3-0.6B-4bit,0,base,0.29411764705882354,5,17,0.9041010000000824,0,1,0.0,0.0,0.0,0.0,0.0,1.0,1.0,0.0,14,blend,0.0,modular,B,B,True,-1.8011417388916016,-1.3011417388916016,-4.676141738891602,-3.3011417388916016
2026-05-20T19:46:55.064016+00:00,mlx-community/Qwen3-0.6B-4bit,0,base,0.29411764705882354,5,17,0.9041010000000824,0,1,0.0,0.0,0.0,0.0,0.0,1.0,1.0,0.0,14,blend,0.0,work_rate,A,A,True,-0.613525390625,-2.613525390625,-4.738525390625,-4.488525390625
2026-05-20T19:46:55.064016+00:00,mlx-community/Qwen3-0.6B-4bit,0,base,0.29411764705882354,5,17,0.9041010000000824,0,1,0.0,0.0,0.0,0.0,0.0,1.0,1.0,0.0,14,blend,0.0,probability,B,A,False,-1.5476932525634766,-1.7976932525634766,-3.7976932525634766,-2.5476932525634766
2026-05-20T19:46:55.064016+00:00,mlx-community/Qwen3-0.6B-4bit,0,base,0.29411764705882354,5,17,0.9041010000000824,0,1,0.0,0.0,0.0,0.0,0.0,1.0,1.0,0.0,14,blend,0.0,sequence,C,A,False,-1.289215087890625,-2.414215087890625,-2.539215087890625,-3.664215087890625
2026-05-20T19:46:55.064016+00:00,mlx-community/Qwen3-0.6B-4bit,0,base,0.29411764705882354,5,17,0.9041010000000824,0,1,0.0,0.0,0.0,0.0,0.0,1.0,1.0,0.0,14,blend,0.0,linear_word,B,A,False,-1.2101802825927734,-3.0851802825927734,-4.960180282592773,-3.8351802825927734
2026-05-20T19:46:55.064016+00:00,mlx-community/Qwen3-0.6B-4bit,0,base,0.29411764705882354,5,17,0.9041010000000824,0,1,0.0,0.0,0.0,0.0,0.0,1.0,1.0,0.0,14,blend,0.0,reverse_discount,C,A,False,-2.532064437866211,-4.657064437866211,-5.407064437866211,-4.532064437866211
2026-05-20T19:46:55.064016+00:00,mlx-community/Qwen3-0.6B-4bit,0,base,0.29411764705882354,5,17,0.9041010000000824,0,1,0.0,0.0,0.0,0.0,0.0,1.0,1.0,0.0,14,blend,0.0,multiples,B,B,True,-1.9160270690917969,-1.2910270690917969,-3.916027069091797,-2.166027069091797
2026-05-20T19:46:55.064016+00:00,mlx-community/Qwen3-0.6B-4bit,0,base,0.29411764705882354,5,17,0.9041010000000824,0,1,0.0,0.0,0.0,0.0,0.0,1.0,1.0,0.0,14,blend,0.0,rectangle,B,A,False,-1.3149852752685547,-3.0649852752685547,-5.814985275268555,-4.189985275268555
2026-05-20T19:46:55.064016+00:00,mlx-community/Qwen3-0.6B-4bit,0,base,0.29411764705882354,5,17,0.9041010000000824,0,1,0.0,0.0,0.0,0.0,0.0,1.0,1.0,0.0,14,blend,0.0,average,C,A,False,-2.498617172241211,-2.873617172241211,-4.123617172241211,-3.248617172241211
2026-05-20T19:46:55.064016+00:00,mlx-community/Qwen3-0.6B-4bit,0,base,0.29411764705882354,5,17,0.9041010000000824,0,1,0.0,0.0,0.0,0.0,0.0,1.0,1.0,0.0,14,blend,0.0,combinations,B,A,False,-2.990581512451172,-3.115581512451172,-4.615581512451172,-3.740581512451172
2026-05-20T19:46:55.064016+00:00,mlx-community/Qwen3-0.6B-4bit,0,base,0.29411764705882354,5,17,0.9041010000000824,0,1,0.0,0.0,0.0,0.0,0.0,1.0,1.0,0.0,14,blend,0.0,coins,C,A,False,-2.0973644256591797,-2.3473644256591797,-2.4723644256591797,-3.7223644256591797
2026-05-20T19:46:55.064016+00:00,mlx-community/Qwen3-0.6B-4bit,0,base,0.29411764705882354,5,17,0.9041010000000824,0,1,0.0,0.0,0.0,0.0,0.0,1.0,1.0,0.0,14,blend,0.0,modular_small,B,B,True,-2.108795166015625,-0.858795166015625,-3.858795166015625,-2.858795166015625
2026-05-20T19:46:55.064016+00:00,mlx-community/Qwen3-0.6B-4bit,0,base,0.29411764705882354,5,17,0.9041010000000824,0,1,0.0,0.0,0.0,0.0,0.0,1.0,1.0,0.0,14,blend,0.0,syllogism,A,D,False,-4.104249954223633,-3.604249954223633,-4.854249954223633,-2.979249954223633
2026-05-20T19:46:57.364629+00:00,mlx-community/Qwen3-0.6B-4bit,1,hrm,0.35294117647058826,6,17,2.3003014999994775,1,1,0.1,0.03,0.05,0.01,0.01,1.0,1.0,1.0,14,delta,0.0,algebra,B,A,False,-3.3023147583007812,-3.4273147583007812,-4.989814758300781,-5.864814758300781
2026-05-20T19:46:57.364629+00:00,mlx-community/Qwen3-0.6B-4bit,1,hrm,0.35294117647058826,6,17,2.3003014999994775,1,1,0.1,0.03,0.05,0.01,0.01,1.0,1.0,1.0,14,delta,0.0,markup,C,A,False,-1.9112873077392578,-4.911287307739258,-5.661287307739258,-5.661287307739258
2026-05-20T19:46:57.364629+00:00,mlx-community/Qwen3-0.6B-4bit,1,hrm,0.35294117647058826,6,17,2.3003014999994775,1,1,0.1,0.03,0.05,0.01,0.01,1.0,1.0,1.0,14,delta,0.0,boxes,C,D,False,-1.5230331420898438,-2.7730331420898438,-3.7730331420898438,-1.1480331420898438
2026-05-20T19:46:57.364629+00:00,mlx-community/Qwen3-0.6B-4bit,1,hrm,0.35294117647058826,6,17,2.3003014999994775,1,1,0.1,0.03,0.05,0.01,0.01,1.0,1.0,1.0,14,delta,0.0,inclusion,B,B,True,-2.0219669342041016,-1.0219669342041016,-4.771966934204102,-2.6469669342041016
2026-05-20T19:46:57.364629+00:00,mlx-community/Qwen3-0.6B-4bit,1,hrm,0.35294117647058826,6,17,2.3003014999994775,1,1,0.1,0.03,0.05,0.01,0.01,1.0,1.0,1.0,14,delta,0.0,modular,B,B,True,-1.7537174224853516,-1.3787174224853516,-4.628717422485352,-3.5037174224853516
2026-05-20T19:46:57.364629+00:00,mlx-community/Qwen3-0.6B-4bit,1,hrm,0.35294117647058826,6,17,2.3003014999994775,1,1,0.1,0.03,0.05,0.01,0.01,1.0,1.0,1.0,14,delta,0.0,work_rate,A,A,True,-0.774200439453125,-2.649200439453125,-5.149200439453125,-4.524200439453125
2026-05-20T19:46:57.364629+00:00,mlx-community/Qwen3-0.6B-4bit,1,hrm,0.35294117647058826,6,17,2.3003014999994775,1,1,0.1,0.03,0.05,0.01,0.01,1.0,1.0,1.0,14,delta,0.0,probability,B,B,True,-1.9299049377441406,-1.8049049377441406,-4.054904937744141,-2.9299049377441406
2026-05-20T19:46:57.364629+00:00,mlx-community/Qwen3-0.6B-4bit,1,hrm,0.35294117647058826,6,17,2.3003014999994775,1,1,0.1,0.03,0.05,0.01,0.01,1.0,1.0,1.0,14,delta,0.0,sequence,C,A,False,-1.8576011657714844,-2.4826011657714844,-2.6076011657714844,-3.9826011657714844
2026-05-20T19:46:57.364629+00:00,mlx-community/Qwen3-0.6B-4bit,1,hrm,0.35294117647058826,6,17,2.3003014999994775,1,1,0.1,0.03,0.05,0.01,0.01,1.0,1.0,1.0,14,delta,0.0,linear_word,B,A,False,-1.6248359680175781,-3.124835968017578,-5.499835968017578,-4.124835968017578
2026-05-20T19:46:57.364629+00:00,mlx-community/Qwen3-0.6B-4bit,1,hrm,0.35294117647058826,6,17,2.3003014999994775,1,1,0.1,0.03,0.05,0.01,0.01,1.0,1.0,1.0,14,delta,0.0,reverse_discount,C,A,False,-2.5574474334716797,-4.55744743347168,-5.68244743347168,-4.93244743347168
2026-05-20T19:46:57.364629+00:00,mlx-community/Qwen3-0.6B-4bit,1,hrm,0.35294117647058826,6,17,2.3003014999994775,1,1,0.1,0.03,0.05,0.01,0.01,1.0,1.0,1.0,14,delta,0.0,multiples,B,B,True,-1.92340087890625,-1.42340087890625,-4.17340087890625,-2.29840087890625
2026-05-20T19:46:57.364629+00:00,mlx-community/Qwen3-0.6B-4bit,1,hrm,0.35294117647058826,6,17,2.3003014999994775,1,1,0.1,0.03,0.05,0.01,0.01,1.0,1.0,1.0,14,delta,0.0,rectangle,B,A,False,-1.5432910919189453,-3.1682910919189453,-6.105791091918945,-4.293291091918945
2026-05-20T19:46:57.364629+00:00,mlx-community/Qwen3-0.6B-4bit,1,hrm,0.35294117647058826,6,17,2.3003014999994775,1,1,0.1,0.03,0.05,0.01,0.01,1.0,1.0,1.0,14,delta,0.0,average,C,A,False,-2.526477813720703,-3.026477813720703,-4.651477813720703,-3.901477813720703
2026-05-20T19:46:57.364629+00:00,mlx-community/Qwen3-0.6B-4bit,1,hrm,0.35294117647058826,6,17,2.3003014999994775,1,1,0.1,0.03,0.05,0.01,0.01,1.0,1.0,1.0,14,delta,0.0,combinations,B,A,False,-3.0682449340820312,-3.3182449340820312,-4.943244934082031,-3.8182449340820312
2026-05-20T19:46:57.364629+00:00,mlx-community/Qwen3-0.6B-4bit,1,hrm,0.35294117647058826,6,17,2.3003014999994775,1,1,0.1,0.03,0.05,0.01,0.01,1.0,1.0,1.0,14,delta,0.0,coins,C,A,False,-2.677490234375,-2.802490234375,-3.052490234375,-4.052490234375
2026-05-20T19:46:57.364629+00:00,mlx-community/Qwen3-0.6B-4bit,1,hrm,0.35294117647058826,6,17,2.3003014999994775,1,1,0.1,0.03,0.05,0.01,0.01,1.0,1.0,1.0,14,delta,0.0,modular_small,B,B,True,-1.9714088439941406,-0.9714088439941406,-3.8464088439941406,-3.0964088439941406
2026-05-20T19:46:57.364629+00:00,mlx-community/Qwen3-0.6B-4bit,1,hrm,0.35294117647058826,6,17,2.3003014999994775,1,1,0.1,0.03,0.05,0.01,0.01,1.0,1.0,1.0,14,delta,0.0,syllogism,A,B,False,-4.416358947753906,-3.5413589477539062,-5.166358947753906,-3.5413589477539062
2026-05-20T19:46:59.896954+00:00,mlx-community/Qwen3-0.6B-4bit,2,hrm,0.29411764705882354,5,17,2.5320781669979624,1,1,0.1,0.03,0.05,0.01,0.01,1.0,1.0,1.0,14,prob_blend,0.0,algebra,B,A,False,-3.1737053394317627,-3.6737043857574463,-5.173704147338867,-5.923705101013184
2026-05-20T19:46:59.896954+00:00,mlx-community/Qwen3-0.6B-4bit,2,hrm,0.29411764705882354,5,17,2.5320781669979624,1,1,0.1,0.03,0.05,0.01,0.01,1.0,1.0,1.0,14,prob_blend,0.0,markup,C,A,False,-1.6696528196334839,-5.419604301452637,-5.794651031494141,-5.544652938842773
2026-05-20T19:46:59.896954+00:00,mlx-community/Qwen3-0.6B-4bit,2,hrm,0.29411764705882354,5,17,2.5320781669979624,1,1,0.1,0.03,0.05,0.01,0.01,1.0,1.0,1.0,14,prob_blend,0.0,boxes,C,D,False,-1.565845012664795,-3.190835952758789,-3.565844774246216,-0.9408450722694397
2026-05-20T19:46:59.896954+00:00,mlx-community/Qwen3-0.6B-4bit,2,hrm,0.29411764705882354,5,17,2.5320781669979624,1,1,0.1,0.03,0.05,0.01,0.01,1.0,1.0,1.0,14,prob_blend,0.0,inclusion,B,B,True,-2.132345676422119,-1.0073460340499878,-4.882345676422119,-2.5073461532592773
2026-05-20T19:46:59.896954+00:00,mlx-community/Qwen3-0.6B-4bit,2,hrm,0.29411764705882354,5,17,2.5320781669979624,1,1,0.1,0.03,0.05,0.01,0.01,1.0,1.0,1.0,14,prob_blend,0.0,modular,B,B,True,-1.9064998626708984,-1.4065011739730835,-4.78149938583374,-3.406501293182373
2026-05-20T19:46:59.896954+00:00,mlx-community/Qwen3-0.6B-4bit,2,hrm,0.29411764705882354,5,17,2.5320781669979624,1,1,0.1,0.03,0.05,0.01,0.01,1.0,1.0,1.0,14,prob_blend,0.0,work_rate,A,A,True,-0.7188857793807983,-2.718885660171509,-4.84388542175293,-4.59388542175293
2026-05-20T19:46:59.896954+00:00,mlx-community/Qwen3-0.6B-4bit,2,hrm,0.29411764705882354,5,17,2.5320781669979624,1,1,0.1,0.03,0.05,0.01,0.01,1.0,1.0,1.0,14,prob_blend,0.0,probability,B,A,False,-1.6530530452728271,-1.9030529260635376,-3.903053045272827,-2.653052806854248
2026-05-20T19:46:59.896954+00:00,mlx-community/Qwen3-0.6B-4bit,2,hrm,0.29411764705882354,5,17,2.5320781669979624,1,1,0.1,0.03,0.05,0.01,0.01,1.0,1.0,1.0,14,prob_blend,0.0,sequence,C,A,False,-1.3945753574371338,-2.5195751190185547,-2.6445751190185547,-3.7695751190185547
2026-05-20T19:46:59.896954+00:00,mlx-community/Qwen3-0.6B-4bit,2,hrm,0.29411764705882354,5,17,2.5320781669979624,1,1,0.1,0.03,0.05,0.01,0.01,1.0,1.0,1.0,14,prob_blend,0.0,linear_word,B,A,False,-1.3155406713485718,-3.1905393600463867,-5.065540790557861,-3.940540313720703
2026-05-20T19:46:59.896954+00:00,mlx-community/Qwen3-0.6B-4bit,2,hrm,0.29411764705882354,5,17,2.5320781669979624,1,1,0.1,0.03,0.05,0.01,0.01,1.0,1.0,1.0,14,prob_blend,0.0,reverse_discount,C,A,False,-2.637421131134033,-4.7624030113220215,-5.512424468994141,-4.637424945831299
2026-05-20T19:46:59.896954+00:00,mlx-community/Qwen3-0.6B-4bit,2,hrm,0.29411764705882354,5,17,2.5320781669979624,1,1,0.1,0.03,0.05,0.01,0.01,1.0,1.0,1.0,14,prob_blend,0.0,multiples,B,B,True,-2.021388053894043,-1.3963878154754639,-4.021388053894043,-2.271388053894043
2026-05-20T19:46:59.896954+00:00,mlx-community/Qwen3-0.6B-4bit,2,hrm,0.29411764705882354,5,17,2.5320781669979624,1,1,0.1,0.03,0.05,0.01,0.01,1.0,1.0,1.0,14,prob_blend,0.0,rectangle,B,A,False,-1.4203450679779053,-3.170344591140747,-5.920344829559326,-4.295344829559326
2026-05-20T19:46:59.896954+00:00,mlx-community/Qwen3-0.6B-4bit,2,hrm,0.29411764705882354,5,17,2.5320781669979624,1,1,0.1,0.03,0.05,0.01,0.01,1.0,1.0,1.0,14,prob_blend,0.0,average,C,A,False,-2.603973865509033,-2.978975296020508,-4.228975772857666,-3.353976249694824
2026-05-20T19:46:59.896954+00:00,mlx-community/Qwen3-0.6B-4bit,2,hrm,0.29411764705882354,5,17,2.5320781669979624,1,1,0.1,0.03,0.05,0.01,0.01,1.0,1.0,1.0,14,prob_blend,0.0,combinations,B,A,False,-3.0959410667419434,-3.2209410667419434,-4.720940589904785,-3.8459410667419434
2026-05-20T19:46:59.896954+00:00,mlx-community/Qwen3-0.6B-4bit,2,hrm,0.29411764705882354,5,17,2.5320781669979624,1,1,0.1,0.03,0.05,0.01,0.01,1.0,1.0,1.0,14,prob_blend,0.0,coins,C,A,False,-2.2027249336242676,-2.4527249336242676,-2.5777249336242676,-3.8277249336242676
2026-05-20T19:46:59.896954+00:00,mlx-community/Qwen3-0.6B-4bit,2,hrm,0.29411764705882354,5,17,2.5320781669979624,1,1,0.1,0.03,0.05,0.01,0.01,1.0,1.0,1.0,14,prob_blend,0.0,modular_small,B,B,True,-2.2141432762145996,-0.9641538858413696,-3.96415114402771,-2.9641544818878174
2026-05-20T19:46:59.896954+00:00,mlx-community/Qwen3-0.6B-4bit,2,hrm,0.29411764705882354,5,17,2.5320781669979624,1,1,0.1,0.03,0.05,0.01,0.01,1.0,1.0,1.0,14,prob_blend,0.0,syllogism,A,D,False,-4.2096099853515625,-3.7096102237701416,-4.959610462188721,-3.0846102237701416
2026-05-20T19:47:02.244038+00:00,mlx-community/Qwen3-0.6B-4bit,3,hrm,0.4117647058823529,7,17,2.3467382499984524,1,1,0.2,0.03,0.05,0.01,0.01,1.0,1.0,1.0,14,delta,0.0,algebra,B,B,True,-3.6776885986328125,-3.5526885986328125,-5.0526885986328125,-6.0526885986328125
2026-05-20T19:47:02.244038+00:00,mlx-community/Qwen3-0.6B-4bit,3,hrm,0.4117647058823529,7,17,2.3467382499984524,1,1,0.2,0.03,0.05,0.01,0.01,1.0,1.0,1.0,14,delta,0.0,markup,C,A,False,-2.26861572265625,-4.64361572265625,-5.70611572265625,-6.01861572265625
2026-05-20T19:47:02.244038+00:00,mlx-community/Qwen3-0.6B-4bit,3,hrm,0.4117647058823529,7,17,2.3467382499984524,1,1,0.2,0.03,0.05,0.01,0.01,1.0,1.0,1.0,14,delta,0.0,boxes,C,D,False,-1.8569927215576172,-2.669492721557617,-4.231992721557617,-1.6069927215576172
2026-05-20T19:47:02.244038+00:00,mlx-community/Qwen3-0.6B-4bit,3,hrm,0.4117647058823529,7,17,2.3467382499984524,1,1,0.2,0.03,0.05,0.01,0.01,1.0,1.0,1.0,14,delta,0.0,inclusion,B,B,True,-1.9709739685058594,-1.2209739685058594,-4.720973968505859,-2.8459739685058594
2026-05-20T19:47:02.244038+00:00,mlx-community/Qwen3-0.6B-4bit,3,hrm,0.4117647058823529,7,17,2.3467382499984524,1,1,0.2,0.03,0.05,0.01,0.01,1.0,1.0,1.0,14,delta,0.0,modular,B,B,True,-1.6566410064697266,-1.5316410064697266,-4.469141006469727,-3.5941410064697266
2026-05-20T19:47:02.244038+00:00,mlx-community/Qwen3-0.6B-4bit,3,hrm,0.4117647058823529,7,17,2.3467382499984524,1,1,0.2,0.03,0.05,0.01,0.01,1.0,1.0,1.0,14,delta,0.0,work_rate,A,A,True,-0.9921455383300781,-2.742145538330078,-5.679645538330078,-4.492145538330078
2026-05-20T19:47:02.244038+00:00,mlx-community/Qwen3-0.6B-4bit,3,hrm,0.4117647058823529,7,17,2.3467382499984524,1,1,0.2,0.03,0.05,0.01,0.01,1.0,1.0,1.0,14,delta,0.0,probability,B,B,True,-2.3783512115478516,-2.0033512115478516,-4.503351211547852,-3.3158512115478516
2026-05-20T19:47:02.244038+00:00,mlx-community/Qwen3-0.6B-4bit,3,hrm,0.4117647058823529,7,17,2.3467382499984524,1,1,0.2,0.03,0.05,0.01,0.01,1.0,1.0,1.0,14,delta,0.0,sequence,C,A,False,-2.5191574096679688,-2.7066574096679688,-2.9566574096679688,-4.456657409667969
2026-05-20T19:47:02.244038+00:00,mlx-community/Qwen3-0.6B-4bit,3,hrm,0.4117647058823529,7,17,2.3467382499984524,1,1,0.2,0.03,0.05,0.01,0.01,1.0,1.0,1.0,14,delta,0.0,linear_word,B,A,False,-2.0655574798583984,-3.3155574798583984,-6.128057479858398,-4.565557479858398
2026-05-20T19:47:02.244038+00:00,mlx-community/Qwen3-0.6B-4bit,3,hrm,0.4117647058823529,7,17,2.3467382499984524,1,1,0.2,0.03,0.05,0.01,0.01,1.0,1.0,1.0,14,delta,0.0,reverse_discount,C,A,False,-2.6135902404785156,-4.426090240478516,-5.988590240478516,-5.363590240478516
2026-05-20T19:47:02.244038+00:00,mlx-community/Qwen3-0.6B-4bit,3,hrm,0.4117647058823529,7,17,2.3467382499984524,1,1,0.2,0.03,0.05,0.01,0.01,1.0,1.0,1.0,14,delta,0.0,multiples,B,B,True,-1.9015827178955078,-1.5265827178955078,-4.526582717895508,-2.401582717895508
2026-05-20T19:47:02.244038+00:00,mlx-community/Qwen3-0.6B-4bit,3,hrm,0.4117647058823529,7,17,2.3467382499984524,1,1,0.2,0.03,0.05,0.01,0.01,1.0,1.0,1.0,14,delta,0.0,rectangle,B,A,False,-1.773263931274414,-3.335763931274414,-6.398263931274414,-4.523263931274414
2026-05-20T19:47:02.244038+00:00,mlx-community/Qwen3-0.6B-4bit,3,hrm,0.4117647058823529,7,17,2.3467382499984524,1,1,0.2,0.03,0.05,0.01,0.01,1.0,1.0,1.0,14,delta,0.0,average,C,A,False,-2.684785842895508,-3.184785842895508,-5.184785842895508,-4.622285842895508
2026-05-20T19:47:02.244038+00:00,mlx-community/Qwen3-0.6B-4bit,3,hrm,0.4117647058823529,7,17,2.3467382499984524,1,1,0.2,0.03,0.05,0.01,0.01,1.0,1.0,1.0,14,delta,0.0,combinations,B,A,False,-3.198516845703125,-3.573516845703125,-5.323516845703125,-4.073516845703125
2026-05-20T19:47:02.244038+00:00,mlx-community/Qwen3-0.6B-4bit,3,hrm,0.4117647058823529,7,17,2.3467382499984524,1,1,0.2,0.03,0.05,0.01,0.01,1.0,1.0,1.0,14,delta,0.0,coins,C,B,False,-3.3903465270996094,-3.2653465270996094,-3.5153465270996094,-4.265346527099609
2026-05-20T19:47:02.244038+00:00,mlx-community/Qwen3-0.6B-4bit,3,hrm,0.4117647058823529,7,17,2.3467382499984524,1,1,0.2,0.03,0.05,0.01,0.01,1.0,1.0,1.0,14,delta,0.0,modular_small,B,B,True,-1.8277969360351562,-1.0777969360351562,-3.7652969360351562,-3.2027969360351562
2026-05-20T19:47:02.244038+00:00,mlx-community/Qwen3-0.6B-4bit,3,hrm,0.4117647058823529,7,17,2.3467382499984524,1,1,0.2,0.03,0.05,0.01,0.01,1.0,1.0,1.0,14,delta,0.0,syllogism,A,B,False,-4.842662811279297,-3.655162811279297,-5.592662811279297,-4.280162811279297
2026-05-20T19:47:04.783476+00:00,mlx-community/Qwen3-0.6B-4bit,4,hrm,0.29411764705882354,5,17,2.539160583000921,1,1,0.2,0.03,0.05,0.01,0.01,1.0,1.0,1.0,14,prob_blend,0.0,algebra,B,A,False,-3.2914891242980957,-3.7914862632751465,-5.291486740112305,-6.041488170623779
2026-05-20T19:47:04.783476+00:00,mlx-community/Qwen3-0.6B-4bit,4,hrm,0.29411764705882354,5,17,2.539160583000921,1,1,0.2,0.03,0.05,0.01,0.01,1.0,1.0,1.0,14,prob_blend,0.0,markup,C,A,False,-1.7874360084533691,-5.537326812744141,-5.9124321937561035,-5.662435531616211
2026-05-20T19:47:04.783476+00:00,mlx-community/Qwen3-0.6B-4bit,4,hrm,0.29411764705882354,5,17,2.539160583000921,1,1,0.2,0.03,0.05,0.01,0.01,1.0,1.0,1.0,14,prob_blend,0.0,boxes,C,D,False,-1.683627724647522,-3.308607816696167,-3.6836276054382324,-1.0586280822753906
2026-05-20T19:47:04.783476+00:00,mlx-community/Qwen3-0.6B-4bit,4,hrm,0.29411764705882354,5,17,2.539160583000921,1,1,0.2,0.03,0.05,0.01,0.01,1.0,1.0,1.0,14,prob_blend,0.0,inclusion,B,B,True,-2.250128746032715,-1.1251291036605835,-5.000128746032715,-2.625129222869873
2026-05-20T19:47:04.783476+00:00,mlx-community/Qwen3-0.6B-4bit,4,hrm,0.29411764705882354,5,17,2.539160583000921,1,1,0.2,0.03,0.05,0.01,0.01,1.0,1.0,1.0,14,prob_blend,0.0,modular,B,B,True,-2.024280548095703,-1.5242838859558105,-4.899279594421387,-3.5242838859558105
2026-05-20T19:47:04.783476+00:00,mlx-community/Qwen3-0.6B-4bit,4,hrm,0.29411764705882354,5,17,2.539160583000921,1,1,0.2,0.03,0.05,0.01,0.01,1.0,1.0,1.0,14,prob_blend,0.0,work_rate,A,A,True,-0.8366686701774597,-2.8366687297821045,-4.961668968200684,-4.711668491363525
2026-05-20T19:47:04.783476+00:00,mlx-community/Qwen3-0.6B-4bit,4,hrm,0.29411764705882354,5,17,2.539160583000921,1,1,0.2,0.03,0.05,0.01,0.01,1.0,1.0,1.0,14,prob_blend,0.0,probability,B,A,False,-1.7708361148834229,-2.020836114883423,-4.020835876464844,-2.770836114883423
2026-05-20T19:47:04.783476+00:00,mlx-community/Qwen3-0.6B-4bit,4,hrm,0.29411764705882354,5,17,2.539160583000921,1,1,0.2,0.03,0.05,0.01,0.01,1.0,1.0,1.0,14,prob_blend,0.0,sequence,C,A,False,-1.512358546257019,-2.6373581886291504,-2.7623584270477295,-3.8873584270477295
2026-05-20T19:47:04.783476+00:00,mlx-community/Qwen3-0.6B-4bit,4,hrm,0.29411764705882354,5,17,2.539160583000921,1,1,0.2,0.03,0.05,0.01,0.01,1.0,1.0,1.0,14,prob_blend,0.0,linear_word,B,A,False,-1.4333237409591675,-3.308320999145508,-5.183323860168457,-4.058323383331299
2026-05-20T19:47:04.783476+00:00,mlx-community/Qwen3-0.6B-4bit,4,hrm,0.29411764705882354,5,17,2.539160583000921,1,1,0.2,0.03,0.05,0.01,0.01,1.0,1.0,1.0,14,prob_blend,0.0,reverse_discount,C,A,False,-2.755199670791626,-4.880158424377441,-5.63020658493042,-4.755207538604736
2026-05-20T19:47:04.783476+00:00,mlx-community/Qwen3-0.6B-4bit,4,hrm,0.29411764705882354,5,17,2.539160583000921,1,1,0.2,0.03,0.05,0.01,0.01,1.0,1.0,1.0,14,prob_blend,0.0,multiples,B,B,True,-2.1391706466674805,-1.5141708850860596,-4.1391706466674805,-2.3891708850860596
2026-05-20T19:47:04.783476+00:00,mlx-community/Qwen3-0.6B-4bit,4,hrm,0.29411764705882354,5,17,2.539160583000921,1,1,0.2,0.03,0.05,0.01,0.01,1.0,1.0,1.0,14,prob_blend,0.0,rectangle,B,A,False,-1.5381278991699219,-3.2881271839141846,-6.038127899169922,-4.413127422332764
2026-05-20T19:47:04.783476+00:00,mlx-community/Qwen3-0.6B-4bit,4,hrm,0.29411764705882354,5,17,2.539160583000921,1,1,0.2,0.03,0.05,0.01,0.01,1.0,1.0,1.0,14,prob_blend,0.0,average,C,A,False,-2.7217535972595215,-3.096756935119629,-4.346759796142578,-3.47175931930542
2026-05-20T19:47:04.783476+00:00,mlx-community/Qwen3-0.6B-4bit,4,hrm,0.29411764705882354,5,17,2.539160583000921,1,1,0.2,0.03,0.05,0.01,0.01,1.0,1.0,1.0,14,prob_blend,0.0,combinations,B,A,False,-3.21372389793396,-3.33872389793396,-4.838724136352539,-3.96372389793396
2026-05-20T19:47:04.783476+00:00,mlx-community/Qwen3-0.6B-4bit,4,hrm,0.29411764705882354,5,17,2.539160583000921,1,1,0.2,0.03,0.05,0.01,0.01,1.0,1.0,1.0,14,prob_blend,0.0,coins,C,A,False,-2.3205082416534424,-2.5705080032348633,-2.6955082416534424,-3.9455080032348633
2026-05-20T19:47:04.783476+00:00,mlx-community/Qwen3-0.6B-4bit,4,hrm,0.29411764705882354,5,17,2.539160583000921,1,1,0.2,0.03,0.05,0.01,0.01,1.0,1.0,1.0,14,prob_blend,0.0,modular_small,B,B,True,-2.331912040710449,-1.081936001777649,-4.081929683685303,-3.081937313079834
2026-05-20T19:47:04.783476+00:00,mlx-community/Qwen3-0.6B-4bit,4,hrm,0.29411764705882354,5,17,2.539160583000921,1,1,0.2,0.03,0.05,0.01,0.01,1.0,1.0,1.0,14,prob_blend,0.0,syllogism,A,D,False,-4.327393054962158,-3.827392816543579,-5.077393054962158,-3.2023935317993164
2026-05-20T19:47:07.172256+00:00,mlx-community/Qwen3-0.6B-4bit,5,hrm,0.35294117647058826,6,17,2.388512500001525,1,1,0.35,0.03,0.05,0.01,0.01,1.0,1.0,1.0,14,delta,0.0,algebra,B,B,True,-4.47419548034668,-3.9116954803466797,-5.41169548034668,-6.59919548034668
2026-05-20T19:47:07.172256+00:00,mlx-community/Qwen3-0.6B-4bit,5,hrm,0.35294117647058826,6,17,2.388512500001525,1,1,0.35,0.03,0.05,0.01,0.01,1.0,1.0,1.0,14,delta,0.0,markup,C,A,False,-3.097209930419922,-4.409709930419922,-6.034709930419922,-6.659709930419922
2026-05-20T19:47:07.172256+00:00,mlx-community/Qwen3-0.6B-4bit,5,hrm,0.35294117647058826,6,17,2.388512500001525,1,1,0.35,0.03,0.05,0.01,0.01,1.0,1.0,1.0,14,delta,0.0,boxes,C,A,False,-2.497631072998047,-2.747631072998047,-5.247631072998047,-2.622631072998047
2026-05-20T19:47:07.172256+00:00,mlx-community/Qwen3-0.6B-4bit,5,hrm,0.35294117647058826,6,17,2.388512500001525,1,1,0.35,0.03,0.05,0.01,0.01,1.0,1.0,1.0,14,delta,0.0,inclusion,B,B,True,-2.258993148803711,-1.571493148803711,-4.883993148803711,-3.321493148803711
2026-05-20T19:47:07.172256+00:00,mlx-community/Qwen3-0.6B-4bit,5,hrm,0.35294117647058826,6,17,2.388512500001525,1,1,0.35,0.03,0.05,0.01,0.01,1.0,1.0,1.0,14,delta,0.0,modular,B,A,False,-1.6845130920410156,-1.8095130920410156,-4.434513092041016,-3.9345130920410156
2026-05-20T19:47:07.172256+00:00,mlx-community/Qwen3-0.6B-4bit,5,hrm,0.35294117647058826,6,17,2.388512500001525,1,1,0.35,0.03,0.05,0.01,0.01,1.0,1.0,1.0,14,delta,0.0,work_rate,A,A,True,-1.6496162414550781,-3.337116241455078,-6.837116241455078,-5.024616241455078
2026-05-20T19:47:07.172256+00:00,mlx-community/Qwen3-0.6B-4bit,5,hrm,0.35294117647058826,6,17,2.388512500001525,1,1,0.35,0.03,0.05,0.01,0.01,1.0,1.0,1.0,14,delta,0.0,probability,B,B,True,-3.2339096069335938,-2.4214096069335938,-5.296409606933594,-4.171409606933594
2026-05-20T19:47:07.172256+00:00,mlx-community/Qwen3-0.6B-4bit,5,hrm,0.35294117647058826,6,17,2.388512500001525,1,1,0.35,0.03,0.05,0.01,0.01,1.0,1.0,1.0,14,delta,0.0,sequence,C,B,False,-3.8718433380126953,-3.3093433380126953,-3.6218433380126953,-5.496843338012695
2026-05-20T19:47:07.172256+00:00,mlx-community/Qwen3-0.6B-4bit,5,hrm,0.35294117647058826,6,17,2.388512500001525,1,1,0.35,0.03,0.05,0.01,0.01,1.0,1.0,1.0,14,delta,0.0,linear_word,B,A,False,-3.025350570678711,-3.775350570678711,-7.212850570678711,-5.337850570678711
2026-05-20T19:47:07.172256+00:00,mlx-community/Qwen3-0.6B-4bit,5,hrm,0.35294117647058826,6,17,2.388512500001525,1,1,0.35,0.03,0.05,0.01,0.01,1.0,1.0,1.0,14,delta,0.0,reverse_discount,C,A,False,-2.834697723388672,-4.397197723388672,-6.522197723388672,-6.084697723388672
2026-05-20T19:47:07.172256+00:00,mlx-community/Qwen3-0.6B-4bit,5,hrm,0.35294117647058826,6,17,2.388512500001525,1,1,0.35,0.03,0.05,0.01,0.01,1.0,1.0,1.0,14,delta,0.0,multiples,B,B,True,-2.087553024291992,-1.8375530242919922,-5.150053024291992,-2.775053024291992
2026-05-20T19:47:07.172256+00:00,mlx-community/Qwen3-0.6B-4bit,5,hrm,0.35294117647058826,6,17,2.388512500001525,1,1,0.35,0.03,0.05,0.01,0.01,1.0,1.0,1.0,14,delta,0.0,rectangle,B,A,False,-2.331789016723633,-3.831789016723633,-7.081789016723633,-4.956789016723633
2026-05-20T19:47:07.172256+00:00,mlx-community/Qwen3-0.6B-4bit,5,hrm,0.35294117647058826,6,17,2.388512500001525,1,1,0.35,0.03,0.05,0.01,0.01,1.0,1.0,1.0,14,delta,0.0,average,C,A,False,-2.9620437622070312,-3.7120437622070312,-6.149543762207031,-5.837043762207031
2026-05-20T19:47:07.172256+00:00,mlx-community/Qwen3-0.6B-4bit,5,hrm,0.35294117647058826,6,17,2.388512500001525,1,1,0.35,0.03,0.05,0.01,0.01,1.0,1.0,1.0,14,delta,0.0,combinations,B,A,False,-3.6843223571777344,-4.309322357177734,-6.184322357177734,-4.559322357177734
2026-05-20T19:47:07.172256+00:00,mlx-community/Qwen3-0.6B-4bit,5,hrm,0.35294117647058826,6,17,2.388512500001525,1,1,0.35,0.03,0.05,0.01,0.01,1.0,1.0,1.0,14,delta,0.0,coins,C,B,False,-4.615114212036133,-4.302614212036133,-4.615114212036133,-4.927614212036133
2026-05-20T19:47:07.172256+00:00,mlx-community/Qwen3-0.6B-4bit,5,hrm,0.35294117647058826,6,17,2.388512500001525,1,1,0.35,0.03,0.05,0.01,0.01,1.0,1.0,1.0,14,delta,0.0,modular_small,B,B,True,-1.7130050659179688,-1.3380050659179688,-3.8380050659179688,-3.6505050659179688
2026-05-20T19:47:07.172256+00:00,mlx-community/Qwen3-0.6B-4bit,5,hrm,0.35294117647058826,6,17,2.388512500001525,1,1,0.35,0.03,0.05,0.01,0.01,1.0,1.0,1.0,14,delta,0.0,syllogism,A,B,False,-5.931894302368164,-4.306894302368164,-6.806894302368164,-5.806894302368164
2026-05-20T19:47:09.644888+00:00,mlx-community/Qwen3-0.6B-4bit,6,hrm,0.29411764705882354,5,17,2.4723272920018644,1,1,0.35,0.03,0.05,0.01,0.01,1.0,1.0,1.0,14,prob_blend,0.0,algebra,B,A,False,-3.4991283416748047,-3.9991226196289062,-5.499123573303223,-6.24912691116333
2026-05-20T19:47:09.644888+00:00,mlx-community/Qwen3-0.6B-4bit,6,hrm,0.29411764705882354,5,17,2.4723272920018644,1,1,0.35,0.03,0.05,0.01,0.01,1.0,1.0,1.0,14,prob_blend,0.0,markup,C,A,False,-1.9950752258300781,-5.744840621948242,-6.120068073272705,-5.87007474899292
2026-05-20T19:47:09.644888+00:00,mlx-community/Qwen3-0.6B-4bit,6,hrm,0.29411764705882354,5,17,2.4723272920018644,1,1,0.35,0.03,0.05,0.01,0.01,1.0,1.0,1.0,14,prob_blend,0.0,boxes,C,D,False,-1.8912667036056519,-3.5162243843078613,-3.8912672996520996,-1.2662674188613892
2026-05-20T19:47:09.644888+00:00,mlx-community/Qwen3-0.6B-4bit,6,hrm,0.29411764705882354,5,17,2.4723272920018644,1,1,0.35,0.03,0.05,0.01,0.01,1.0,1.0,1.0,14,prob_blend,0.0,inclusion,B,B,True,-2.457767963409424,-1.332768201828003,-5.207768440246582,-2.832768201828003
2026-05-20T19:47:09.644888+00:00,mlx-community/Qwen3-0.6B-4bit,6,hrm,0.29411764705882354,5,17,2.4723272920018644,1,1,0.35,0.03,0.05,0.01,0.01,1.0,1.0,1.0,14,prob_blend,0.0,modular,B,B,True,-2.2319159507751465,-1.7319226264953613,-5.106913089752197,-3.7319231033325195
2026-05-20T19:47:09.644888+00:00,mlx-community/Qwen3-0.6B-4bit,6,hrm,0.29411764705882354,5,17,2.4723272920018644,1,1,0.35,0.03,0.05,0.01,0.01,1.0,1.0,1.0,14,prob_blend,0.0,work_rate,A,A,True,-1.0443084239959717,-3.0443081855773926,-5.169308662414551,-4.919308185577393
2026-05-20T19:47:09.644888+00:00,mlx-community/Qwen3-0.6B-4bit,6,hrm,0.29411764705882354,5,17,2.4723272920018644,1,1,0.35,0.03,0.05,0.01,0.01,1.0,1.0,1.0,14,prob_blend,0.0,probability,B,A,False,-1.978475570678711,-2.2284750938415527,-4.228475570678711,-2.9784750938415527
2026-05-20T19:47:09.644888+00:00,mlx-community/Qwen3-0.6B-4bit,6,hrm,0.29411764705882354,5,17,2.4723272920018644,1,1,0.35,0.03,0.05,0.01,0.01,1.0,1.0,1.0,14,prob_blend,0.0,sequence,C,A,False,-1.7199982404708862,-2.8449974060058594,-2.9699978828430176,-4.094998359680176
2026-05-20T19:47:09.644888+00:00,mlx-community/Qwen3-0.6B-4bit,6,hrm,0.29411764705882354,5,17,2.4723272920018644,1,1,0.35,0.03,0.05,0.01,0.01,1.0,1.0,1.0,14,prob_blend,0.0,linear_word,B,A,False,-1.6409629583358765,-3.515957832336426,-5.390963077545166,-4.265962600708008
2026-05-20T19:47:09.644888+00:00,mlx-community/Qwen3-0.6B-4bit,6,hrm,0.29411764705882354,5,17,2.4723272920018644,1,1,0.35,0.03,0.05,0.01,0.01,1.0,1.0,1.0,14,prob_blend,0.0,reverse_discount,C,A,False,-2.96282958984375,-5.087740898132324,-5.8378448486328125,-4.962846755981445
2026-05-20T19:47:09.644888+00:00,mlx-community/Qwen3-0.6B-4bit,6,hrm,0.29411764705882354,5,17,2.4723272920018644,1,1,0.35,0.03,0.05,0.01,0.01,1.0,1.0,1.0,14,prob_blend,0.0,multiples,B,B,True,-2.3468101024627686,-1.7218104600906372,-4.346810340881348,-2.5968105792999268
2026-05-20T19:47:09.644888+00:00,mlx-community/Qwen3-0.6B-4bit,6,hrm,0.29411764705882354,5,17,2.4723272920018644,1,1,0.35,0.03,0.05,0.01,0.01,1.0,1.0,1.0,14,prob_blend,0.0,rectangle,B,A,False,-1.7457669973373413,-3.4957656860351562,-6.245766639709473,-4.620765686035156
2026-05-20T19:47:09.644888+00:00,mlx-community/Qwen3-0.6B-4bit,6,hrm,0.29411764705882354,5,17,2.4723272920018644,1,1,0.35,0.03,0.05,0.01,0.01,1.0,1.0,1.0,14,prob_blend,0.0,average,C,A,False,-2.9293863773345947,-3.304394483566284,-4.554399490356445,-3.679399251937866
2026-05-20T19:47:09.644888+00:00,mlx-community/Qwen3-0.6B-4bit,6,hrm,0.29411764705882354,5,17,2.4723272920018644,1,1,0.35,0.03,0.05,0.01,0.01,1.0,1.0,1.0,14,prob_blend,0.0,combinations,B,A,False,-3.421363353729248,-3.5463638305664062,-5.046363830566406,-4.171363353729248
2026-05-20T19:47:09.644888+00:00,mlx-community/Qwen3-0.6B-4bit,6,hrm,0.29411764705882354,5,17,2.4723272920018644,1,1,0.35,0.03,0.05,0.01,0.01,1.0,1.0,1.0,14,prob_blend,0.0,coins,C,A,False,-2.5281476974487305,-2.7781472206115723,-2.9031476974487305,-4.153147220611572
2026-05-20T19:47:09.644888+00:00,mlx-community/Qwen3-0.6B-4bit,6,hrm,0.29411764705882354,5,17,2.4723272920018644,1,1,0.35,0.03,0.05,0.01,0.01,1.0,1.0,1.0,14,prob_blend,0.0,modular_small,B,B,True,-2.5395212173461914,-1.2895729541778564,-4.289559841156006,-3.2895755767822266
2026-05-20T19:47:09.644888+00:00,mlx-community/Qwen3-0.6B-4bit,6,hrm,0.29411764705882354,5,17,2.4723272920018644,1,1,0.35,0.03,0.05,0.01,0.01,1.0,1.0,1.0,14,prob_blend,0.0,syllogism,A,D,False,-4.535032749176025,-4.035031795501709,-5.285032749176025,-3.4100327491760254
2026-05-20T19:47:11.972118+00:00,mlx-community/Qwen3-0.6B-4bit,7,hrm,0.35294117647058826,6,17,2.3270034580018546,1,1,0.5,0.03,0.05,0.01,0.01,1.0,1.0,1.0,14,delta,0.0,algebra,B,B,True,-5.851197242736816,-4.788697242736816,-6.351197242736816,-7.726197242736816
2026-05-20T19:47:11.972118+00:00,mlx-community/Qwen3-0.6B-4bit,7,hrm,0.35294117647058826,6,17,2.3270034580018546,1,1,0.5,0.03,0.05,0.01,0.01,1.0,1.0,1.0,14,delta,0.0,markup,C,A,False,-4.435297012329102,-4.685297012329102,-6.810297012329102,-7.872797012329102
2026-05-20T19:47:11.972118+00:00,mlx-community/Qwen3-0.6B-4bit,7,hrm,0.35294117647058826,6,17,2.3270034580018546,1,1,0.5,0.03,0.05,0.01,0.01,1.0,1.0,1.0,14,delta,0.0,boxes,C,B,False,-3.9383764266967773,-3.5633764266967773,-6.938376426696777,-4.375876426696777
2026-05-20T19:47:11.972118+00:00,mlx-community/Qwen3-0.6B-4bit,7,hrm,0.35294117647058826,6,17,2.3270034580018546,1,1,0.5,0.03,0.05,0.01,0.01,1.0,1.0,1.0,14,delta,0.0,inclusion,B,B,True,-3.156125068664551,-2.718625068664551,-5.781125068664551,-4.593625068664551
2026-05-20T19:47:11.972118+00:00,mlx-community/Qwen3-0.6B-4bit,7,hrm,0.35294117647058826,6,17,2.3270034580018546,1,1,0.5,0.03,0.05,0.01,0.01,1.0,1.0,1.0,14,delta,0.0,modular,B,A,False,-2.1625614166259766,-2.5375614166259766,-4.912561416625977,-4.725061416625977
2026-05-20T19:47:11.972118+00:00,mlx-community/Qwen3-0.6B-4bit,7,hrm,0.35294117647058826,6,17,2.3270034580018546,1,1,0.5,0.03,0.05,0.01,0.01,1.0,1.0,1.0,14,delta,0.0,work_rate,A,A,True,-3.066643714904785,-4.629143714904785,-8.691643714904785,-6.191643714904785
2026-05-20T19:47:11.972118+00:00,mlx-community/Qwen3-0.6B-4bit,7,hrm,0.35294117647058826,6,17,2.3270034580018546,1,1,0.5,0.03,0.05,0.01,0.01,1.0,1.0,1.0,14,delta,0.0,probability,B,B,True,-4.804764747619629,-3.492264747619629,-6.804764747619629,-5.679764747619629
2026-05-20T19:47:11.972118+00:00,mlx-community/Qwen3-0.6B-4bit,7,hrm,0.35294117647058826,6,17,2.3270034580018546,1,1,0.5,0.03,0.05,0.01,0.01,1.0,1.0,1.0,14,delta,0.0,sequence,C,B,False,-5.955721855163574,-4.705721855163574,-5.080721855163574,-7.268221855163574
2026-05-20T19:47:11.972118+00:00,mlx-community/Qwen3-0.6B-4bit,7,hrm,0.35294117647058826,6,17,2.3270034580018546,1,1,0.5,0.03,0.05,0.01,0.01,1.0,1.0,1.0,14,delta,0.0,linear_word,B,A,False,-4.4473876953125,-4.6973876953125,-8.8223876953125,-6.6348876953125
2026-05-20T19:47:11.972118+00:00,mlx-community/Qwen3-0.6B-4bit,7,hrm,0.35294117647058826,6,17,2.3270034580018546,1,1,0.5,0.03,0.05,0.01,0.01,1.0,1.0,1.0,14,delta,0.0,reverse_discount,C,A,False,-3.5276288986206055,-4.7776288986206055,-7.5276288986206055,-7.2776288986206055
2026-05-20T19:47:11.972118+00:00,mlx-community/Qwen3-0.6B-4bit,7,hrm,0.35294117647058826,6,17,2.3270034580018546,1,1,0.5,0.03,0.05,0.01,0.01,1.0,1.0,1.0,14,delta,0.0,multiples,B,B,True,-2.972100257873535,-2.909600257873535,-6.534600257873535,-3.847100257873535
2026-05-20T19:47:11.972118+00:00,mlx-community/Qwen3-0.6B-4bit,7,hrm,0.35294117647058826,6,17,2.3270034580018546,1,1,0.5,0.03,0.05,0.01,0.01,1.0,1.0,1.0,14,delta,0.0,rectangle,B,A,False,-3.4082250595092773,-4.720725059509277,-8.283225059509277,-5.970725059509277
2026-05-20T19:47:11.972118+00:00,mlx-community/Qwen3-0.6B-4bit,7,hrm,0.35294117647058826,6,17,2.3270034580018546,1,1,0.5,0.03,0.05,0.01,0.01,1.0,1.0,1.0,14,delta,0.0,average,C,A,False,-3.7447729110717773,-4.619772911071777,-7.619772911071777,-7.557272911071777
2026-05-20T19:47:11.972118+00:00,mlx-community/Qwen3-0.6B-4bit,7,hrm,0.35294117647058826,6,17,2.3270034580018546,1,1,0.5,0.03,0.05,0.01,0.01,1.0,1.0,1.0,14,delta,0.0,combinations,B,A,False,-4.886927604675293,-5.699427604675293,-7.824427604675293,-5.824427604675293
2026-05-20T19:47:11.972118+00:00,mlx-community/Qwen3-0.6B-4bit,7,hrm,0.35294117647058826,6,17,2.3270034580018546,1,1,0.5,0.03,0.05,0.01,0.01,1.0,1.0,1.0,14,delta,0.0,coins,C,B,False,-6.486039161682129,-5.923539161682129,-6.361039161682129,-6.298539161682129
2026-05-20T19:47:11.972118+00:00,mlx-community/Qwen3-0.6B-4bit,7,hrm,0.35294117647058826,6,17,2.3270034580018546,1,1,0.5,0.03,0.05,0.01,0.01,1.0,1.0,1.0,14,delta,0.0,modular_small,B,B,True,-1.9860200881958008,-1.9235200881958008,-4.298520088195801,-4.423520088195801
2026-05-20T19:47:11.972118+00:00,mlx-community/Qwen3-0.6B-4bit,7,hrm,0.35294117647058826,6,17,2.3270034580018546,1,1,0.5,0.03,0.05,0.01,0.01,1.0,1.0,1.0,14,delta,0.0,syllogism,A,B,False,-8.010422706604004,-5.885422706604004,-8.947922706604004,-8.385422706604004
2026-05-20T19:47:14.409760+00:00,mlx-community/Qwen3-0.6B-4bit,8,hrm,0.29411764705882354,5,17,2.437413542000286,1,1,0.5,0.03,0.05,0.01,0.01,1.0,1.0,1.0,14,prob_blend,0.0,algebra,B,A,False,-3.7614927291870117,-4.261481761932373,-5.761483669281006,-6.511490345001221
2026-05-20T19:47:14.409760+00:00,mlx-community/Qwen3-0.6B-4bit,8,hrm,0.29411764705882354,5,17,2.437413542000286,1,1,0.5,0.03,0.05,0.01,0.01,1.0,1.0,1.0,14,prob_blend,0.0,markup,C,A,False,-2.257439613342285,-6.007004261016846,-6.382426738739014,-6.132439136505127
2026-05-20T19:47:14.409760+00:00,mlx-community/Qwen3-0.6B-4bit,8,hrm,0.29411764705882354,5,17,2.437413542000286,1,1,0.5,0.03,0.05,0.01,0.01,1.0,1.0,1.0,14,prob_blend,0.0,boxes,C,D,False,-2.1536307334899902,-3.778552293777466,-4.153631687164307,-1.5286319255828857
2026-05-20T19:47:14.409760+00:00,mlx-community/Qwen3-0.6B-4bit,8,hrm,0.29411764705882354,5,17,2.437413542000286,1,1,0.5,0.03,0.05,0.01,0.01,1.0,1.0,1.0,14,prob_blend,0.0,inclusion,B,B,True,-2.720132350921631,-1.59513258934021,-5.470131874084473,-3.095132350921631
2026-05-20T19:47:14.409760+00:00,mlx-community/Qwen3-0.6B-4bit,8,hrm,0.29411764705882354,5,17,2.437413542000286,1,1,0.5,0.03,0.05,0.01,0.01,1.0,1.0,1.0,14,prob_blend,0.0,modular,B,B,True,-2.4942734241485596,-1.9942857027053833,-5.369268417358398,-3.994286298751831
2026-05-20T19:47:14.409760+00:00,mlx-community/Qwen3-0.6B-4bit,8,hrm,0.29411764705882354,5,17,2.437413542000286,1,1,0.5,0.03,0.05,0.01,0.01,1.0,1.0,1.0,14,prob_blend,0.0,work_rate,A,A,True,-1.3066726922988892,-3.3066720962524414,-5.431673049926758,-5.181671619415283
2026-05-20T19:47:14.409760+00:00,mlx-community/Qwen3-0.6B-4bit,8,hrm,0.29411764705882354,5,17,2.437413542000286,1,1,0.5,0.03,0.05,0.01,0.01,1.0,1.0,1.0,14,prob_blend,0.0,probability,B,A,False,-2.240839958190918,-2.4908392429351807,-4.490839958190918,-3.240839719772339
2026-05-20T19:47:14.409760+00:00,mlx-community/Qwen3-0.6B-4bit,8,hrm,0.29411764705882354,5,17,2.437413542000286,1,1,0.5,0.03,0.05,0.01,0.01,1.0,1.0,1.0,14,prob_blend,0.0,sequence,C,A,False,-1.9823625087738037,-3.107361316680908,-3.2323617935180664,-4.357362270355225
2026-05-20T19:47:14.409760+00:00,mlx-community/Qwen3-0.6B-4bit,8,hrm,0.29411764705882354,5,17,2.437413542000286,1,1,0.5,0.03,0.05,0.01,0.01,1.0,1.0,1.0,14,prob_blend,0.0,linear_word,B,A,False,-1.9033271074295044,-3.7783169746398926,-5.653326988220215,-4.528326034545898
2026-05-20T19:47:14.409760+00:00,mlx-community/Qwen3-0.6B-4bit,8,hrm,0.29411764705882354,5,17,2.437413542000286,1,1,0.5,0.03,0.05,0.01,0.01,1.0,1.0,1.0,14,prob_blend,0.0,reverse_discount,C,A,False,-3.2251791954040527,-5.350014686584473,-6.100208282470703,-5.225211143493652
2026-05-20T19:47:14.409760+00:00,mlx-community/Qwen3-0.6B-4bit,8,hrm,0.29411764705882354,5,17,2.437413542000286,1,1,0.5,0.03,0.05,0.01,0.01,1.0,1.0,1.0,14,prob_blend,0.0,multiples,B,B,True,-2.609173536300659,-1.984174132347107,-4.609173774719238,-2.8591742515563965
2026-05-20T19:47:14.409760+00:00,mlx-community/Qwen3-0.6B-4bit,8,hrm,0.29411764705882354,5,17,2.437413542000286,1,1,0.5,0.03,0.05,0.01,0.01,1.0,1.0,1.0,14,prob_blend,0.0,rectangle,B,A,False,-2.0081305503845215,-3.7581276893615723,-6.50813102722168,-4.883129119873047
2026-05-20T19:47:14.409760+00:00,mlx-community/Qwen3-0.6B-4bit,8,hrm,0.29411764705882354,5,17,2.437413542000286,1,1,0.5,0.03,0.05,0.01,0.01,1.0,1.0,1.0,14,prob_blend,0.0,average,C,A,False,-3.191740036010742,-3.5667552947998047,-4.816763877868652,-3.9417638778686523
2026-05-20T19:47:14.409760+00:00,mlx-community/Qwen3-0.6B-4bit,8,hrm,0.29411764705882354,5,17,2.437413542000286,1,1,0.5,0.03,0.05,0.01,0.01,1.0,1.0,1.0,14,prob_blend,0.0,combinations,B,A,False,-3.683727741241455,-3.8087282180786133,-5.308728218078613,-4.433727741241455
2026-05-20T19:47:14.409760+00:00,mlx-community/Qwen3-0.6B-4bit,8,hrm,0.29411764705882354,5,17,2.437413542000286,1,1,0.5,0.03,0.05,0.01,0.01,1.0,1.0,1.0,14,prob_blend,0.0,coins,C,A,False,-2.7905116081237793,-3.0405116081237793,-3.1655116081237793,-4.415511608123779
2026-05-20T19:47:14.409760+00:00,mlx-community/Qwen3-0.6B-4bit,8,hrm,0.29411764705882354,5,17,2.437413542000286,1,1,0.5,0.03,0.05,0.01,0.01,1.0,1.0,1.0,14,prob_blend,0.0,modular_small,B,B,True,-2.8018367290496826,-1.55193293094635,-4.551908493041992,-3.55193829536438
2026-05-20T19:47:14.409760+00:00,mlx-community/Qwen3-0.6B-4bit,8,hrm,0.29411764705882354,5,17,2.437413542000286,1,1,0.5,0.03,0.05,0.01,0.01,1.0,1.0,1.0,14,prob_blend,0.0,syllogism,A,D,False,-4.797397613525391,-4.297395706176758,-5.547397136688232,-3.6723973751068115
2026-05-20T19:47:16.667546+00:00,mlx-community/Qwen3-0.6B-4bit,9,hrm,0.23529411764705882,4,17,2.2574857079998765,1,1,0.75,0.03,0.05,0.01,0.01,1.0,1.0,1.0,14,delta,0.0,algebra,B,B,True,-10.657716751098633,-8.845216751098633,-10.407716751098633,-12.157716751098633
2026-05-20T19:47:16.667546+00:00,mlx-community/Qwen3-0.6B-4bit,9,hrm,0.23529411764705882,4,17,2.2574857079998765,1,1,0.75,0.03,0.05,0.01,0.01,1.0,1.0,1.0,14,delta,0.0,markup,C,B,False,-9.128805160522461,-7.628805160522461,-10.628805160522461,-12.378805160522461
2026-05-20T19:47:16.667546+00:00,mlx-community/Qwen3-0.6B-4bit,9,hrm,0.23529411764705882,4,17,2.2574857079998765,1,1,0.75,0.03,0.05,0.01,0.01,1.0,1.0,1.0,14,delta,0.0,boxes,C,B,False,-8.360790252685547,-6.985790252685547,-11.860790252685547,-9.360790252685547
2026-05-20T19:47:16.667546+00:00,mlx-community/Qwen3-0.6B-4bit,9,hrm,0.23529411764705882,4,17,2.2574857079998765,1,1,0.75,0.03,0.05,0.01,0.01,1.0,1.0,1.0,14,delta,0.0,inclusion,B,A,False,-8.562150955200195,-8.562150955200195,-11.187150955200195,-10.562150955200195
2026-05-20T19:47:16.667546+00:00,mlx-community/Qwen3-0.6B-4bit,9,hrm,0.23529411764705882,4,17,2.2574857079998765,1,1,0.75,0.03,0.05,0.01,0.01,1.0,1.0,1.0,14,delta,0.0,modular,B,A,False,-6.389387130737305,-7.139387130737305,-9.076887130737305,-9.514387130737305
2026-05-20T19:47:16.667546+00:00,mlx-community/Qwen3-0.6B-4bit,9,hrm,0.23529411764705882,4,17,2.2574857079998765,1,1,0.75,0.03,0.05,0.01,0.01,1.0,1.0,1.0,14,delta,0.0,work_rate,A,A,True,-8.233346939086914,-9.608346939086914,-14.608346939086914,-10.983346939086914
2026-05-20T19:47:16.667546+00:00,mlx-community/Qwen3-0.6B-4bit,9,hrm,0.23529411764705882,4,17,2.2574857079998765,1,1,0.75,0.03,0.05,0.01,0.01,1.0,1.0,1.0,14,delta,0.0,probability,B,B,True,-10.422212600708008,-8.297212600708008,-12.297212600708008,-11.297212600708008
2026-05-20T19:47:16.667546+00:00,mlx-community/Qwen3-0.6B-4bit,9,hrm,0.23529411764705882,4,17,2.2574857079998765,1,1,0.75,0.03,0.05,0.01,0.01,1.0,1.0,1.0,14,delta,0.0,sequence,C,B,False,-11.973190307617188,-9.473190307617188,-9.973190307617188,-12.723190307617188
2026-05-20T19:47:16.667546+00:00,mlx-community/Qwen3-0.6B-4bit,9,hrm,0.23529411764705882,4,17,2.2574857079998765,1,1,0.75,0.03,0.05,0.01,0.01,1.0,1.0,1.0,14,delta,0.0,linear_word,B,B,True,-9.149377822875977,-8.524377822875977,-13.774377822875977,-11.086877822875977
2026-05-20T19:47:16.667546+00:00,mlx-community/Qwen3-0.6B-4bit,9,hrm,0.23529411764705882,4,17,2.2574857079998765,1,1,0.75,0.03,0.05,0.01,0.01,1.0,1.0,1.0,14,delta,0.0,reverse_discount,C,A,False,-6.9527788162231445,-7.7027788162231445,-11.452778816223145,-11.577778816223145
2026-05-20T19:47:16.667546+00:00,mlx-community/Qwen3-0.6B-4bit,9,hrm,0.23529411764705882,4,17,2.2574857079998765,1,1,0.75,0.03,0.05,0.01,0.01,1.0,1.0,1.0,14,delta,0.0,multiples,B,A,False,-8.149823188781738,-8.337323188781738,-12.462323188781738,-9.337323188781738
2026-05-20T19:47:16.667546+00:00,mlx-community/Qwen3-0.6B-4bit,9,hrm,0.23529411764705882,4,17,2.2574857079998765,1,1,0.75,0.03,0.05,0.01,0.01,1.0,1.0,1.0,14,delta,0.0,rectangle,B,A,False,-7.871606826782227,-8.934106826782227,-12.871606826782227,-10.246606826782227
2026-05-20T19:47:16.667546+00:00,mlx-community/Qwen3-0.6B-4bit,9,hrm,0.23529411764705882,4,17,2.2574857079998765,1,1,0.75,0.03,0.05,0.01,0.01,1.0,1.0,1.0,14,delta,0.0,average,C,A,False,-7.390041351318359,-8.51504135131836,-12.39004135131836,-12.76504135131836
2026-05-20T19:47:16.667546+00:00,mlx-community/Qwen3-0.6B-4bit,9,hrm,0.23529411764705882,4,17,2.2574857079998765,1,1,0.75,0.03,0.05,0.01,0.01,1.0,1.0,1.0,14,delta,0.0,combinations,B,A,False,-9.855974197387695,-10.980974197387695,-13.480974197387695,-10.855974197387695
2026-05-20T19:47:16.667546+00:00,mlx-community/Qwen3-0.6B-4bit,9,hrm,0.23529411764705882,4,17,2.2574857079998765,1,1,0.75,0.03,0.05,0.01,0.01,1.0,1.0,1.0,14,delta,0.0,coins,C,D,False,-12.714375495910645,-11.839375495910645,-12.339375495910645,-11.714375495910645
2026-05-20T19:47:16.667546+00:00,mlx-community/Qwen3-0.6B-4bit,9,hrm,0.23529411764705882,4,17,2.2574857079998765,1,1,0.75,0.03,0.05,0.01,0.01,1.0,1.0,1.0,14,delta,0.0,modular_small,B,A,False,-5.433658599853516,-5.933658599853516,-7.996158599853516,-8.683658599853516
2026-05-20T19:47:16.667546+00:00,mlx-community/Qwen3-0.6B-4bit,9,hrm,0.23529411764705882,4,17,2.2574857079998765,1,1,0.75,0.03,0.05,0.01,0.01,1.0,1.0,1.0,14,delta,0.0,syllogism,A,B,False,-13.552495956420898,-10.614995956420898,-14.552495956420898,-14.677495956420898
2026-05-20T19:47:19.073202+00:00,mlx-community/Qwen3-0.6B-4bit,10,hrm,0.29411764705882354,5,17,2.4052907079967554,1,1,0.75,0.03,0.05,0.01,0.01,1.0,1.0,1.0,14,prob_blend,0.0,algebra,B,A,False,-4.454638957977295,-4.9546074867248535,-6.454612731933594,-7.204632759094238
2026-05-20T19:47:19.073202+00:00,mlx-community/Qwen3-0.6B-4bit,10,hrm,0.29411764705882354,5,17,2.4052907079967554,1,1,0.75,0.03,0.05,0.01,0.01,1.0,1.0,1.0,14,prob_blend,0.0,markup,C,A,False,-2.9505860805511475,-6.699280261993408,-7.075547218322754,-6.825584411621094
2026-05-20T19:47:19.073202+00:00,mlx-community/Qwen3-0.6B-4bit,10,hrm,0.29411764705882354,5,17,2.4052907079967554,1,1,0.75,0.03,0.05,0.01,0.01,1.0,1.0,1.0,14,prob_blend,0.0,boxes,C,D,False,-2.8467750549316406,-4.4715399742126465,-4.846778392791748,-2.2217788696289062
2026-05-20T19:47:19.073202+00:00,mlx-community/Qwen3-0.6B-4bit,10,hrm,0.29411764705882354,5,17,2.4052907079967554,1,1,0.75,0.03,0.05,0.01,0.01,1.0,1.0,1.0,14,prob_blend,0.0,inclusion,B,B,True,-3.413278102874756,-2.2882795333862305,-6.163277626037598,-3.7882795333862305
2026-05-20T19:47:19.073202+00:00,mlx-community/Qwen3-0.6B-4bit,10,hrm,0.29411764705882354,5,17,2.4052907079967554,1,1,0.75,0.03,0.05,0.01,0.01,1.0,1.0,1.0,14,prob_blend,0.0,modular,B,B,True,-3.187390089035034,-2.687427282333374,-6.062376022338867,-4.687430381774902
2026-05-20T19:47:19.073202+00:00,mlx-community/Qwen3-0.6B-4bit,10,hrm,0.29411764705882354,5,17,2.4052907079967554,1,1,0.75,0.03,0.05,0.01,0.01,1.0,1.0,1.0,14,prob_blend,0.0,work_rate,A,A,True,-1.9998193979263306,-3.9998183250427246,-6.124819755554199,-5.874815940856934
2026-05-20T19:47:19.073202+00:00,mlx-community/Qwen3-0.6B-4bit,10,hrm,0.29411764705882354,5,17,2.4052907079967554,1,1,0.75,0.03,0.05,0.01,0.01,1.0,1.0,1.0,14,prob_blend,0.0,probability,B,A,False,-2.9339871406555176,-3.1839845180511475,-5.183987140655518,-3.9339871406555176
2026-05-20T19:47:19.073202+00:00,mlx-community/Qwen3-0.6B-4bit,10,hrm,0.29411764705882354,5,17,2.4052907079967554,1,1,0.75,0.03,0.05,0.01,0.01,1.0,1.0,1.0,14,prob_blend,0.0,sequence,C,A,False,-2.6755099296569824,-3.8005058765411377,-3.9255073070526123,-5.050509452819824
2026-05-20T19:47:19.073202+00:00,mlx-community/Qwen3-0.6B-4bit,10,hrm,0.29411764705882354,5,17,2.4052907079967554,1,1,0.75,0.03,0.05,0.01,0.01,1.0,1.0,1.0,14,prob_blend,0.0,linear_word,B,A,False,-2.5964739322662354,-4.471443176269531,-6.346474647521973,-5.22147274017334
2026-05-20T19:47:19.073202+00:00,mlx-community/Qwen3-0.6B-4bit,10,hrm,0.29411764705882354,5,17,2.4052907079967554,1,1,0.75,0.03,0.05,0.01,0.01,1.0,1.0,1.0,14,prob_blend,0.0,reverse_discount,C,A,False,-3.9182608127593994,-6.042767524719238,-6.79334831237793,-5.918355941772461
2026-05-20T19:47:19.073202+00:00,mlx-community/Qwen3-0.6B-4bit,10,hrm,0.29411764705882354,5,17,2.4052907079967554,1,1,0.75,0.03,0.05,0.01,0.01,1.0,1.0,1.0,14,prob_blend,0.0,multiples,B,B,True,-3.302318811416626,-2.677320957183838,-5.302321434020996,-3.552320957183838
2026-05-20T19:47:19.073202+00:00,mlx-community/Qwen3-0.6B-4bit,10,hrm,0.29411764705882354,5,17,2.4052907079967554,1,1,0.75,0.03,0.05,0.01,0.01,1.0,1.0,1.0,14,prob_blend,0.0,rectangle,B,A,False,-2.7012746334075928,-4.451266288757324,-7.201276779174805,-5.57627010345459
2026-05-20T19:47:19.073202+00:00,mlx-community/Qwen3-0.6B-4bit,10,hrm,0.29411764705882354,5,17,2.4052907079967554,1,1,0.75,0.03,0.05,0.01,0.01,1.0,1.0,1.0,14,prob_blend,0.0,average,C,A,False,-3.8848397731781006,-4.259884357452393,-5.509910583496094,-4.634911060333252
2026-05-20T19:47:19.073202+00:00,mlx-community/Qwen3-0.6B-4bit,10,hrm,0.29411764705882354,5,17,2.4052907079967554,1,1,0.75,0.03,0.05,0.01,0.01,1.0,1.0,1.0,14,prob_blend,0.0,combinations,B,A,False,-4.37687349319458,-4.501875400543213,-6.001875400543213,-5.126873970031738
2026-05-20T19:47:19.073202+00:00,mlx-community/Qwen3-0.6B-4bit,10,hrm,0.29411764705882354,5,17,2.4052907079967554,1,1,0.75,0.03,0.05,0.01,0.01,1.0,1.0,1.0,14,prob_blend,0.0,coins,C,A,False,-3.483658790588379,-3.7336585521698,-3.858659029006958,-5.108658790588379
2026-05-20T19:47:19.073202+00:00,mlx-community/Qwen3-0.6B-4bit,10,hrm,0.29411764705882354,5,17,2.4052907079967554,1,1,0.75,0.03,0.05,0.01,0.01,1.0,1.0,1.0,14,prob_blend,0.0,modular_small,B,B,True,-3.4947736263275146,-2.2450618743896484,-5.244989395141602,-4.245078086853027
2026-05-20T19:47:19.073202+00:00,mlx-community/Qwen3-0.6B-4bit,10,hrm,0.29411764705882354,5,17,2.4052907079967554,1,1,0.75,0.03,0.05,0.01,0.01,1.0,1.0,1.0,14,prob_blend,0.0,syllogism,A,D,False,-5.490544319152832,-4.99053955078125,-6.240544319152832,-4.365544319152832
2026-05-20T19:47:21.340931+00:00,mlx-community/Qwen3-0.6B-4bit,11,hrm,0.23529411764705882,4,17,2.267455917000916,1,1,1.25,0.03,0.05,0.01,0.01,1.0,1.0,1.0,14,delta,0.0,algebra,B,B,True,-25.800779342651367,-22.425779342651367,-24.050779342651367,-26.300779342651367
2026-05-20T19:47:21.340931+00:00,mlx-community/Qwen3-0.6B-4bit,11,hrm,0.23529411764705882,4,17,2.267455917000916,1,1,1.25,0.03,0.05,0.01,0.01,1.0,1.0,1.0,14,delta,0.0,markup,C,B,False,-24.554744720458984,-19.554744720458984,-24.304744720458984,-27.304744720458984
2026-05-20T19:47:21.340931+00:00,mlx-community/Qwen3-0.6B-4bit,11,hrm,0.23529411764705882,4,17,2.267455917000916,1,1,1.25,0.03,0.05,0.01,0.01,1.0,1.0,1.0,14,delta,0.0,boxes,C,B,False,-22.740161895751953,-19.365161895751953,-27.240161895751953,-24.740161895751953
2026-05-20T19:47:21.340931+00:00,mlx-community/Qwen3-0.6B-4bit,11,hrm,0.23529411764705882,4,17,2.267455917000916,1,1,1.25,0.03,0.05,0.01,0.01,1.0,1.0,1.0,14,delta,0.0,inclusion,B,A,False,-25.390329360961914,-25.890329360961914,-27.765329360961914,-28.390329360961914
2026-05-20T19:47:21.340931+00:00,mlx-community/Qwen3-0.6B-4bit,11,hrm,0.23529411764705882,4,17,2.267455917000916,1,1,1.25,0.03,0.05,0.01,0.01,1.0,1.0,1.0,14,delta,0.0,modular,B,A,False,-20.336223602294922,-22.086223602294922,-22.961223602294922,-24.461223602294922
2026-05-20T19:47:21.340931+00:00,mlx-community/Qwen3-0.6B-4bit,11,hrm,0.23529411764705882,4,17,2.267455917000916,1,1,1.25,0.03,0.05,0.01,0.01,1.0,1.0,1.0,14,delta,0.0,work_rate,A,A,True,-24.4578857421875,-25.3328857421875,-32.2078857421875,-26.4578857421875
2026-05-20T19:47:21.340931+00:00,mlx-community/Qwen3-0.6B-4bit,11,hrm,0.23529411764705882,4,17,2.267455917000916,1,1,1.25,0.03,0.05,0.01,0.01,1.0,1.0,1.0,14,delta,0.0,probability,B,B,True,-28.014835357666016,-24.389835357666016,-29.639835357666016,-28.639835357666016
2026-05-20T19:47:21.340931+00:00,mlx-community/Qwen3-0.6B-4bit,11,hrm,0.23529411764705882,4,17,2.267455917000916,1,1,1.25,0.03,0.05,0.01,0.01,1.0,1.0,1.0,14,delta,0.0,sequence,C,B,False,-28.07585906982422,-23.32585906982422,-24.07585906982422,-27.82585906982422
2026-05-20T19:47:21.340931+00:00,mlx-community/Qwen3-0.6B-4bit,11,hrm,0.23529411764705882,4,17,2.267455917000916,1,1,1.25,0.03,0.05,0.01,0.01,1.0,1.0,1.0,14,delta,0.0,linear_word,B,B,True,-23.905702590942383,-21.780702590942383,-29.280702590942383,-25.405702590942383
2026-05-20T19:47:21.340931+00:00,mlx-community/Qwen3-0.6B-4bit,11,hrm,0.23529411764705882,4,17,2.267455917000916,1,1,1.25,0.03,0.05,0.01,0.01,1.0,1.0,1.0,14,delta,0.0,reverse_discount,C,A,False,-20.183076858520508,-20.183076858520508,-25.933076858520508,-26.558076858520508
2026-05-20T19:47:21.340931+00:00,mlx-community/Qwen3-0.6B-4bit,11,hrm,0.23529411764705882,4,17,2.267455917000916,1,1,1.25,0.03,0.05,0.01,0.01,1.0,1.0,1.0,14,delta,0.0,multiples,B,A,False,-25.004514694213867,-25.879514694213867,-31.004514694213867,-26.879514694213867
2026-05-20T19:47:21.340931+00:00,mlx-community/Qwen3-0.6B-4bit,11,hrm,0.23529411764705882,4,17,2.267455917000916,1,1,1.25,0.03,0.05,0.01,0.01,1.0,1.0,1.0,14,delta,0.0,rectangle,B,A,False,-22.364665985107422,-22.989665985107422,-27.864665985107422,-24.489665985107422
2026-05-20T19:47:21.340931+00:00,mlx-community/Qwen3-0.6B-4bit,11,hrm,0.23529411764705882,4,17,2.267455917000916,1,1,1.25,0.03,0.05,0.01,0.01,1.0,1.0,1.0,14,delta,0.0,average,C,A,False,-20.016357421875,-21.641357421875,-27.266357421875,-28.391357421875
2026-05-20T19:47:21.340931+00:00,mlx-community/Qwen3-0.6B-4bit,11,hrm,0.23529411764705882,4,17,2.267455917000916,1,1,1.25,0.03,0.05,0.01,0.01,1.0,1.0,1.0,14,delta,0.0,combinations,B,A,False,-25.07952117919922,-26.95452117919922,-29.95452117919922,-26.32952117919922
2026-05-20T19:47:21.340931+00:00,mlx-community/Qwen3-0.6B-4bit,11,hrm,0.23529411764705882,4,17,2.267455917000916,1,1,1.25,0.03,0.05,0.01,0.01,1.0,1.0,1.0,14,delta,0.0,coins,C,D,False,-30.96959114074707,-29.09459114074707,-30.09459114074707,-27.96959114074707
2026-05-20T19:47:21.340931+00:00,mlx-community/Qwen3-0.6B-4bit,11,hrm,0.23529411764705882,4,17,2.267455917000916,1,1,1.25,0.03,0.05,0.01,0.01,1.0,1.0,1.0,14,delta,0.0,modular_small,B,A,False,-18.06229591369629,-19.81229591369629,-21.31229591369629,-23.06229591369629
2026-05-20T19:47:21.340931+00:00,mlx-community/Qwen3-0.6B-4bit,11,hrm,0.23529411764705882,4,17,2.267455917000916,1,1,1.25,0.03,0.05,0.01,0.01,1.0,1.0,1.0,14,delta,0.0,syllogism,A,B,False,-28.888628005981445,-24.388628005981445,-30.138628005981445,-31.513628005981445
2026-05-20T19:47:23.470046+00:00,mlx-community/Qwen3-0.6B-4bit,12,hrm,0.23529411764705882,4,17,2.1288325830028043,1,1,1.25,0.03,0.05,0.01,0.01,1.0,1.0,1.0,14,prob_blend,0.0,algebra,B,B,True,-17.695884704589844,-14.984946250915527,-16.672447204589844,-18.695884704589844
2026-05-20T19:47:23.470046+00:00,mlx-community/Qwen3-0.6B-4bit,12,hrm,0.23529411764705882,4,17,2.1288325830028043,1,1,1.25,0.03,0.05,0.01,0.01,1.0,1.0,1.0,14,prob_blend,0.0,markup,C,B,False,-16.341663360595703,-13.05260181427002,-16.919788360595703,-19.286975860595703
2026-05-20T19:47:23.470046+00:00,mlx-community/Qwen3-0.6B-4bit,12,hrm,0.23529411764705882,4,17,2.1288325830028043,1,1,1.25,0.03,0.05,0.01,0.01,1.0,1.0,1.0,14,prob_blend,0.0,boxes,C,B,False,-14.916330337524414,-12.523263931274414,-18.898263931274414,-16.421701431274414
2026-05-20T19:47:23.470046+00:00,mlx-community/Qwen3-0.6B-4bit,12,hrm,0.23529411764705882,4,17,2.1288325830028043,1,1,1.25,0.03,0.05,0.01,0.01,1.0,1.0,1.0,14,prob_blend,0.0,inclusion,B,A,False,-16.46255111694336,-16.71255111694336,-18.93911361694336,-18.95473861694336
2026-05-20T19:47:23.470046+00:00,mlx-community/Qwen3-0.6B-4bit,12,hrm,0.23529411764705882,4,17,2.1288325830028043,1,1,1.25,0.03,0.05,0.01,0.01,1.0,1.0,1.0,14,prob_blend,0.0,modular,B,A,False,-12.895779609680176,-14.087185859680176,-15.505154609680176,-16.47390365600586
2026-05-20T19:47:23.470046+00:00,mlx-community/Qwen3-0.6B-4bit,12,hrm,0.23529411764705882,4,17,2.1288325830028043,1,1,1.25,0.03,0.05,0.01,0.01,1.0,1.0,1.0,14,prob_blend,0.0,work_rate,A,A,True,-15.653615951538086,-16.856740951538086,-22.841115951538086,-17.997365951538086
2026-05-20T19:47:23.470046+00:00,mlx-community/Qwen3-0.6B-4bit,12,hrm,0.23529411764705882,4,17,2.1288325830028043,1,1,1.25,0.03,0.05,0.01,0.01,1.0,1.0,1.0,14,prob_blend,0.0,probability,B,B,True,-18.45519256591797,-15.617302894592285,-20.18956756591797,-19.14269256591797
2026-05-20T19:47:23.470046+00:00,mlx-community/Qwen3-0.6B-4bit,12,hrm,0.23529411764705882,4,17,2.1288325830028043,1,1,1.25,0.03,0.05,0.01,0.01,1.0,1.0,1.0,14,prob_blend,0.0,sequence,C,B,False,-19.586565017700195,-15.938127517700195,-16.547502517700195,-19.867815017700195
2026-05-20T19:47:23.470046+00:00,mlx-community/Qwen3-0.6B-4bit,12,hrm,0.23529411764705882,4,17,2.1288325830028043,1,1,1.25,0.03,0.05,0.01,0.01,1.0,1.0,1.0,14,prob_blend,0.0,linear_word,B,B,True,-15.885879516601562,-14.544082641601562,-20.893692016601562,-17.737442016601562
2026-05-20T19:47:23.470046+00:00,mlx-community/Qwen3-0.6B-4bit,12,hrm,0.23529411764705882,4,17,2.1288325830028043,1,1,1.25,0.03,0.05,0.01,0.01,1.0,1.0,1.0,14,prob_blend,0.0,reverse_discount,C,A,False,-12.860583305358887,-13.188708305358887,-17.969959259033203,-18.329334259033203
2026-05-20T19:47:23.470046+00:00,mlx-community/Qwen3-0.6B-4bit,12,hrm,0.23529411764705882,4,17,2.1288325830028043,1,1,1.25,0.03,0.05,0.01,0.01,1.0,1.0,1.0,14,prob_blend,0.0,multiples,B,A,False,-15.743158340454102,-16.2812442779541,-20.8525333404541,-17.2236270904541
2026-05-20T19:47:23.470046+00:00,mlx-community/Qwen3-0.6B-4bit,12,hrm,0.23529411764705882,4,17,2.1288325830028043,1,1,1.25,0.03,0.05,0.01,0.01,1.0,1.0,1.0,14,prob_blend,0.0,rectangle,B,A,False,-14.666653633117676,-15.435208320617676,-19.86977767944336,-16.90102767944336
2026-05-20T19:47:23.470046+00:00,mlx-community/Qwen3-0.6B-4bit,12,hrm,0.23529411764705882,4,17,2.1288325830028043,1,1,1.25,0.03,0.05,0.01,0.01,1.0,1.0,1.0,14,prob_blend,0.0,average,C,A,False,-13.140521049499512,-14.484271049499512,-19.312397003173828,-20.031147003173828
2026-05-20T19:47:23.470046+00:00,mlx-community/Qwen3-0.6B-4bit,12,hrm,0.23529411764705882,4,17,2.1288325830028043,1,1,1.25,0.03,0.05,0.01,0.01,1.0,1.0,1.0,14,prob_blend,0.0,combinations,B,A,False,-16.8785343170166,-18.2632999420166,-21.0367374420166,-17.9429874420166
2026-05-20T19:47:23.470046+00:00,mlx-community/Qwen3-0.6B-4bit,12,hrm,0.23529411764705882,4,17,2.1288325830028043,1,1,1.25,0.03,0.05,0.01,0.01,1.0,1.0,1.0,14,prob_blend,0.0,coins,C,D,False,-21.158327102661133,-19.845827102661133,-20.533327102661133,-19.236452102661133
2026-05-20T19:47:23.470046+00:00,mlx-community/Qwen3-0.6B-4bit,12,hrm,0.23529411764705882,4,17,2.1288325830028043,1,1,1.25,0.03,0.05,0.01,0.01,1.0,1.0,1.0,14,prob_blend,0.0,modular_small,B,A,False,-11.266179084777832,-12.445866584777832,-14.160710334777832,-15.359929084777832
2026-05-20T19:47:23.470046+00:00,mlx-community/Qwen3-0.6B-4bit,12,hrm,0.23529411764705882,4,17,2.1288325830028043,1,1,1.25,0.03,0.05,0.01,0.01,1.0,1.0,1.0,14,prob_blend,0.0,syllogism,A,B,False,-20.641096115112305,-16.893049240112305,-21.797346115112305,-22.516096115112305
