timestamp_utc,model,run_id,label,accuracy,correct,total,elapsed_s,h_cycles,l_cycles,logit_blend,alpha_l,alpha_h,beta_l,beta_h,update_mix_l,update_mix_h,refined_delta_scale,split_index,case,expected,prediction,is_correct,score_A,score_B,score_C,score_D
2026-05-20T19:27:34.714223+00:00,mlx-community/Qwen3-1.7B-4bit,0,base,0.5882352941176471,10,17,2.1548257079994073,0,1,0.0,0.0,0.0,0.0,0.0,1.0,1.0,0.0,14,algebra,B,B,True,-3.6954193115234375,-0.0704193115234375,-6.9454193115234375,-4.9454193115234375
2026-05-20T19:27:34.714223+00:00,mlx-community/Qwen3-1.7B-4bit,0,base,0.5882352941176471,10,17,2.1548257079994073,0,1,0.0,0.0,0.0,0.0,0.0,1.0,1.0,0.0,14,markup,C,D,False,-2.409404754638672,-3.159404754638672,-6.659404754638672,-0.4094047546386719
2026-05-20T19:27:34.714223+00:00,mlx-community/Qwen3-1.7B-4bit,0,base,0.5882352941176471,10,17,2.1548257079994073,0,1,0.0,0.0,0.0,0.0,0.0,1.0,1.0,0.0,14,boxes,C,C,True,-6.928346633911133,-6.303346633911133,-0.1783466339111328,-5.053346633911133
2026-05-20T19:27:34.714223+00:00,mlx-community/Qwen3-1.7B-4bit,0,base,0.5882352941176471,10,17,2.1548257079994073,0,1,0.0,0.0,0.0,0.0,0.0,1.0,1.0,0.0,14,inclusion,B,B,True,-2.6451854705810547,-1.6451854705810547,-2.5201854705810547,-4.270185470581055
2026-05-20T19:27:34.714223+00:00,mlx-community/Qwen3-1.7B-4bit,0,base,0.5882352941176471,10,17,2.1548257079994073,0,1,0.0,0.0,0.0,0.0,0.0,1.0,1.0,0.0,14,modular,B,B,True,-3.0824050903320312,-1.3324050903320312,-3.2074050903320312,-1.5824050903320312
2026-05-20T19:27:34.714223+00:00,mlx-community/Qwen3-1.7B-4bit,0,base,0.5882352941176471,10,17,2.1548257079994073,0,1,0.0,0.0,0.0,0.0,0.0,1.0,1.0,0.0,14,work_rate,A,A,True,-0.17084503173828125,-5.170845031738281,-8.795845031738281,-7.045845031738281
2026-05-20T19:27:34.714223+00:00,mlx-community/Qwen3-1.7B-4bit,0,base,0.5882352941176471,10,17,2.1548257079994073,0,1,0.0,0.0,0.0,0.0,0.0,1.0,1.0,0.0,14,probability,B,A,False,-0.7300300598144531,-2.230030059814453,-4.105030059814453,-1.9800300598144531
2026-05-20T19:27:34.714223+00:00,mlx-community/Qwen3-1.7B-4bit,0,base,0.5882352941176471,10,17,2.1548257079994073,0,1,0.0,0.0,0.0,0.0,0.0,1.0,1.0,0.0,14,sequence,C,B,False,-3.447793960571289,-0.44779396057128906,-3.322793960571289,-2.197793960571289
2026-05-20T19:27:34.714223+00:00,mlx-community/Qwen3-1.7B-4bit,0,base,0.5882352941176471,10,17,2.1548257079994073,0,1,0.0,0.0,0.0,0.0,0.0,1.0,1.0,0.0,14,linear_word,B,B,True,-2.6383895874023438,-1.6383895874023438,-4.138389587402344,-2.5133895874023438
2026-05-20T19:27:34.714223+00:00,mlx-community/Qwen3-1.7B-4bit,0,base,0.5882352941176471,10,17,2.1548257079994073,0,1,0.0,0.0,0.0,0.0,0.0,1.0,1.0,0.0,14,reverse_discount,C,B,False,-3.0061607360839844,-0.5061607360839844,-4.006160736083984,-1.7561607360839844
2026-05-20T19:27:34.714223+00:00,mlx-community/Qwen3-1.7B-4bit,0,base,0.5882352941176471,10,17,2.1548257079994073,0,1,0.0,0.0,0.0,0.0,0.0,1.0,1.0,0.0,14,multiples,B,D,False,-5.171377182006836,-5.796377182006836,-1.296377182006836,-0.6713771820068359
2026-05-20T19:27:34.714223+00:00,mlx-community/Qwen3-1.7B-4bit,0,base,0.5882352941176471,10,17,2.1548257079994073,0,1,0.0,0.0,0.0,0.0,0.0,1.0,1.0,0.0,14,rectangle,B,B,True,-3.7156925201416016,-0.09069252014160156,-6.840692520141602,-6.215692520141602
2026-05-20T19:27:34.714223+00:00,mlx-community/Qwen3-1.7B-4bit,0,base,0.5882352941176471,10,17,2.1548257079994073,0,1,0.0,0.0,0.0,0.0,0.0,1.0,1.0,0.0,14,average,C,C,True,-3.0646419525146484,-6.439641952514648,-0.18964195251464844,-5.314641952514648
2026-05-20T19:27:34.714223+00:00,mlx-community/Qwen3-1.7B-4bit,0,base,0.5882352941176471,10,17,2.1548257079994073,0,1,0.0,0.0,0.0,0.0,0.0,1.0,1.0,0.0,14,combinations,B,B,True,-7.549112319946289,-0.04911231994628906,-8.299112319946289,-9.549112319946289
2026-05-20T19:27:34.714223+00:00,mlx-community/Qwen3-1.7B-4bit,0,base,0.5882352941176471,10,17,2.1548257079994073,0,1,0.0,0.0,0.0,0.0,0.0,1.0,1.0,0.0,14,coins,C,C,True,-6.927867889404297,-10.552867889404297,-0.052867889404296875,-9.927867889404297
2026-05-20T19:27:34.714223+00:00,mlx-community/Qwen3-1.7B-4bit,0,base,0.5882352941176471,10,17,2.1548257079994073,0,1,0.0,0.0,0.0,0.0,0.0,1.0,1.0,0.0,14,modular_small,B,A,False,-1.3374977111816406,-2.4624977111816406,-2.3374977111816406,-1.8374977111816406
2026-05-20T19:27:34.714223+00:00,mlx-community/Qwen3-1.7B-4bit,0,base,0.5882352941176471,10,17,2.1548257079994073,0,1,0.0,0.0,0.0,0.0,0.0,1.0,1.0,0.0,14,syllogism,A,D,False,-4.51141357421875,-4.63641357421875,-3.51141357421875,-0.26141357421875
2026-05-20T19:27:40.408425+00:00,mlx-community/Qwen3-1.7B-4bit,1,hrm,0.5882352941176471,10,17,5.693695250000019,1,1,0.2,0.03,0.05,0.01,0.01,1.0,1.0,1.0,8,algebra,B,B,True,-3.3957366943359375,-0.1457366943359375,-6.5207366943359375,-4.8957366943359375
2026-05-20T19:27:40.408425+00:00,mlx-community/Qwen3-1.7B-4bit,1,hrm,0.5882352941176471,10,17,5.693695250000019,1,1,0.2,0.03,0.05,0.01,0.01,1.0,1.0,1.0,8,markup,C,D,False,-2.2424564361572266,-2.9924564361572266,-6.617456436157227,-0.8674564361572266
2026-05-20T19:27:40.408425+00:00,mlx-community/Qwen3-1.7B-4bit,1,hrm,0.5882352941176471,10,17,5.693695250000019,1,1,0.2,0.03,0.05,0.01,0.01,1.0,1.0,1.0,8,boxes,C,C,True,-5.695529937744141,-4.695529937744141,-0.8205299377441406,-4.070529937744141
2026-05-20T19:27:40.408425+00:00,mlx-community/Qwen3-1.7B-4bit,1,hrm,0.5882352941176471,10,17,5.693695250000019,1,1,0.2,0.03,0.05,0.01,0.01,1.0,1.0,1.0,8,inclusion,B,B,True,-3.122468948364258,-2.372468948364258,-3.122468948364258,-4.372468948364258
2026-05-20T19:27:40.408425+00:00,mlx-community/Qwen3-1.7B-4bit,1,hrm,0.5882352941176471,10,17,5.693695250000019,1,1,0.2,0.03,0.05,0.01,0.01,1.0,1.0,1.0,8,modular,B,B,True,-3.2996902465820312,-1.7996902465820312,-3.4246902465820312,-2.0496902465820312
2026-05-20T19:27:40.408425+00:00,mlx-community/Qwen3-1.7B-4bit,1,hrm,0.5882352941176471,10,17,5.693695250000019,1,1,0.2,0.03,0.05,0.01,0.01,1.0,1.0,1.0,8,work_rate,A,A,True,-0.6078968048095703,-3.8578968048095703,-7.85789680480957,-6.23289680480957
2026-05-20T19:27:40.408425+00:00,mlx-community/Qwen3-1.7B-4bit,1,hrm,0.5882352941176471,10,17,5.693695250000019,1,1,0.2,0.03,0.05,0.01,0.01,1.0,1.0,1.0,8,probability,B,A,False,-1.1025562286376953,-2.4775562286376953,-4.102556228637695,-2.2275562286376953
2026-05-20T19:27:40.408425+00:00,mlx-community/Qwen3-1.7B-4bit,1,hrm,0.5882352941176471,10,17,5.693695250000019,1,1,0.2,0.03,0.05,0.01,0.01,1.0,1.0,1.0,8,sequence,C,B,False,-3.3897762298583984,-0.7647762298583984,-3.6397762298583984,-2.7647762298583984
2026-05-20T19:27:40.408425+00:00,mlx-community/Qwen3-1.7B-4bit,1,hrm,0.5882352941176471,10,17,5.693695250000019,1,1,0.2,0.03,0.05,0.01,0.01,1.0,1.0,1.0,8,linear_word,B,B,True,-2.6662330627441406,-1.4162330627441406,-3.4162330627441406,-2.0412330627441406
2026-05-20T19:27:40.408425+00:00,mlx-community/Qwen3-1.7B-4bit,1,hrm,0.5882352941176471,10,17,5.693695250000019,1,1,0.2,0.03,0.05,0.01,0.01,1.0,1.0,1.0,8,reverse_discount,C,B,False,-2.689939498901367,-0.9399394989013672,-3.939939498901367,-2.189939498901367
2026-05-20T19:27:40.408425+00:00,mlx-community/Qwen3-1.7B-4bit,1,hrm,0.5882352941176471,10,17,5.693695250000019,1,1,0.2,0.03,0.05,0.01,0.01,1.0,1.0,1.0,8,multiples,B,D,False,-5.023038864135742,-5.273038864135742,-1.5230388641357422,-1.0230388641357422
2026-05-20T19:27:40.408425+00:00,mlx-community/Qwen3-1.7B-4bit,1,hrm,0.5882352941176471,10,17,5.693695250000019,1,1,0.2,0.03,0.05,0.01,0.01,1.0,1.0,1.0,8,rectangle,B,B,True,-3.6015052795410156,-0.3515052795410156,-5.726505279541016,-5.101505279541016
2026-05-20T19:27:40.408425+00:00,mlx-community/Qwen3-1.7B-4bit,1,hrm,0.5882352941176471,10,17,5.693695250000019,1,1,0.2,0.03,0.05,0.01,0.01,1.0,1.0,1.0,8,average,C,C,True,-2.7438316345214844,-5.868831634521484,-0.6188316345214844,-5.118831634521484
2026-05-20T19:27:40.408425+00:00,mlx-community/Qwen3-1.7B-4bit,1,hrm,0.5882352941176471,10,17,5.693695250000019,1,1,0.2,0.03,0.05,0.01,0.01,1.0,1.0,1.0,8,combinations,B,B,True,-6.052669525146484,-0.17766952514648438,-6.677669525146484,-7.552669525146484
2026-05-20T19:27:40.408425+00:00,mlx-community/Qwen3-1.7B-4bit,1,hrm,0.5882352941176471,10,17,5.693695250000019,1,1,0.2,0.03,0.05,0.01,0.01,1.0,1.0,1.0,8,coins,C,C,True,-5.701114654541016,-8.888614654541016,-0.20111465454101562,-7.576114654541016
2026-05-20T19:27:40.408425+00:00,mlx-community/Qwen3-1.7B-4bit,1,hrm,0.5882352941176471,10,17,5.693695250000019,1,1,0.2,0.03,0.05,0.01,0.01,1.0,1.0,1.0,8,modular_small,B,A,False,-1.7713298797607422,-2.646329879760742,-2.396329879760742,-2.146329879760742
2026-05-20T19:27:40.408425+00:00,mlx-community/Qwen3-1.7B-4bit,1,hrm,0.5882352941176471,10,17,5.693695250000019,1,1,0.2,0.03,0.05,0.01,0.01,1.0,1.0,1.0,8,syllogism,A,D,False,-3.875772476196289,-3.625772476196289,-3.375772476196289,-0.5007724761962891
2026-05-20T19:27:45.792132+00:00,mlx-community/Qwen3-1.7B-4bit,2,hrm,0.6470588235294118,11,17,5.383480458000122,1,1,0.2,0.03,0.05,0.01,0.01,1.0,1.0,1.0,10,algebra,B,B,True,-4.322700500488281,-0.07270050048828125,-5.822700500488281,-4.572700500488281
2026-05-20T19:27:45.792132+00:00,mlx-community/Qwen3-1.7B-4bit,2,hrm,0.6470588235294118,11,17,5.383480458000122,1,1,0.2,0.03,0.05,0.01,0.01,1.0,1.0,1.0,10,markup,C,D,False,-2.0501537322998047,-2.1751537322998047,-5.300153732299805,-0.8001537322998047
2026-05-20T19:27:45.792132+00:00,mlx-community/Qwen3-1.7B-4bit,2,hrm,0.6470588235294118,11,17,5.383480458000122,1,1,0.2,0.03,0.05,0.01,0.01,1.0,1.0,1.0,10,boxes,C,C,True,-7.559175491333008,-6.559175491333008,-0.05917549133300781,-5.934175491333008
2026-05-20T19:27:45.792132+00:00,mlx-community/Qwen3-1.7B-4bit,2,hrm,0.6470588235294118,11,17,5.383480458000122,1,1,0.2,0.03,0.05,0.01,0.01,1.0,1.0,1.0,10,inclusion,B,B,True,-3.0930557250976562,-1.3430557250976562,-2.5930557250976562,-4.218055725097656
2026-05-20T19:27:45.792132+00:00,mlx-community/Qwen3-1.7B-4bit,2,hrm,0.6470588235294118,11,17,5.383480458000122,1,1,0.2,0.03,0.05,0.01,0.01,1.0,1.0,1.0,10,modular,B,B,True,-3.564645767211914,-0.6896457672119141,-3.439645767211914,-2.314645767211914
2026-05-20T19:27:45.792132+00:00,mlx-community/Qwen3-1.7B-4bit,2,hrm,0.6470588235294118,11,17,5.383480458000122,1,1,0.2,0.03,0.05,0.01,0.01,1.0,1.0,1.0,10,work_rate,A,A,True,-0.2689208984375,-2.8939208984375,-6.0189208984375,-5.7689208984375
2026-05-20T19:27:45.792132+00:00,mlx-community/Qwen3-1.7B-4bit,2,hrm,0.6470588235294118,11,17,5.383480458000122,1,1,0.2,0.03,0.05,0.01,0.01,1.0,1.0,1.0,10,probability,B,A,False,-0.974853515625,-1.974853515625,-3.349853515625,-2.724853515625
2026-05-20T19:27:45.792132+00:00,mlx-community/Qwen3-1.7B-4bit,2,hrm,0.6470588235294118,11,17,5.383480458000122,1,1,0.2,0.03,0.05,0.01,0.01,1.0,1.0,1.0,10,sequence,C,B,False,-4.051446914672852,-0.5514469146728516,-2.9264469146728516,-2.3014469146728516
2026-05-20T19:27:45.792132+00:00,mlx-community/Qwen3-1.7B-4bit,2,hrm,0.6470588235294118,11,17,5.383480458000122,1,1,0.2,0.03,0.05,0.01,0.01,1.0,1.0,1.0,10,linear_word,B,B,True,-2.569225311279297,-0.8192253112792969,-2.819225311279297,-2.444225311279297
2026-05-20T19:27:45.792132+00:00,mlx-community/Qwen3-1.7B-4bit,2,hrm,0.6470588235294118,11,17,5.383480458000122,1,1,0.2,0.03,0.05,0.01,0.01,1.0,1.0,1.0,10,reverse_discount,C,B,False,-3.3412837982177734,-0.46628379821777344,-3.2162837982177734,-2.2162837982177734
2026-05-20T19:27:45.792132+00:00,mlx-community/Qwen3-1.7B-4bit,2,hrm,0.6470588235294118,11,17,5.383480458000122,1,1,0.2,0.03,0.05,0.01,0.01,1.0,1.0,1.0,10,multiples,B,C,False,-4.733434677124023,-4.108434677124023,-0.9834346771240234,-1.1084346771240234
2026-05-20T19:27:45.792132+00:00,mlx-community/Qwen3-1.7B-4bit,2,hrm,0.6470588235294118,11,17,5.383480458000122,1,1,0.2,0.03,0.05,0.01,0.01,1.0,1.0,1.0,10,rectangle,B,B,True,-3.7428150177001953,-0.11781501770019531,-5.242815017700195,-5.617815017700195
2026-05-20T19:27:45.792132+00:00,mlx-community/Qwen3-1.7B-4bit,2,hrm,0.6470588235294118,11,17,5.383480458000122,1,1,0.2,0.03,0.05,0.01,0.01,1.0,1.0,1.0,10,average,C,C,True,-3.3665695190429688,-5.116569519042969,-0.24156951904296875,-5.116569519042969
2026-05-20T19:27:45.792132+00:00,mlx-community/Qwen3-1.7B-4bit,2,hrm,0.6470588235294118,11,17,5.383480458000122,1,1,0.2,0.03,0.05,0.01,0.01,1.0,1.0,1.0,10,combinations,B,B,True,-6.340250015258789,-0.09025001525878906,-5.965250015258789,-8.090250015258789
2026-05-20T19:27:45.792132+00:00,mlx-community/Qwen3-1.7B-4bit,2,hrm,0.6470588235294118,11,17,5.383480458000122,1,1,0.2,0.03,0.05,0.01,0.01,1.0,1.0,1.0,10,coins,C,C,True,-6.554983139038086,-8.929983139038086,-0.05498313903808594,-9.242483139038086
2026-05-20T19:27:45.792132+00:00,mlx-community/Qwen3-1.7B-4bit,2,hrm,0.6470588235294118,11,17,5.383480458000122,1,1,0.2,0.03,0.05,0.01,0.01,1.0,1.0,1.0,10,modular_small,B,B,True,-2.011505126953125,-1.636505126953125,-2.011505126953125,-1.886505126953125
2026-05-20T19:27:45.792132+00:00,mlx-community/Qwen3-1.7B-4bit,2,hrm,0.6470588235294118,11,17,5.383480458000122,1,1,0.2,0.03,0.05,0.01,0.01,1.0,1.0,1.0,10,syllogism,A,D,False,-4.422727584838867,-3.297727584838867,-2.672727584838867,-0.4227275848388672
2026-05-20T19:27:51.038765+00:00,mlx-community/Qwen3-1.7B-4bit,3,hrm,0.5294117647058824,9,17,5.245653582998784,1,1,0.2,0.03,0.05,0.01,0.01,1.0,1.0,1.0,12,algebra,B,B,True,-2.812223434448242,-0.4372234344482422,-5.562223434448242,-3.687223434448242
2026-05-20T19:27:51.038765+00:00,mlx-community/Qwen3-1.7B-4bit,3,hrm,0.5294117647058824,9,17,5.245653582998784,1,1,0.2,0.03,0.05,0.01,0.01,1.0,1.0,1.0,12,markup,C,D,False,-2.3546409606933594,-3.3546409606933594,-5.979640960693359,-1.7296409606933594
2026-05-20T19:27:51.038765+00:00,mlx-community/Qwen3-1.7B-4bit,3,hrm,0.5294117647058824,9,17,5.245653582998784,1,1,0.2,0.03,0.05,0.01,0.01,1.0,1.0,1.0,12,boxes,C,C,True,-6.179220199584961,-5.304220199584961,-0.17922019958496094,-5.429220199584961
2026-05-20T19:27:51.038765+00:00,mlx-community/Qwen3-1.7B-4bit,3,hrm,0.5294117647058824,9,17,5.245653582998784,1,1,0.2,0.03,0.05,0.01,0.01,1.0,1.0,1.0,12,inclusion,B,C,False,-3.2662220001220703,-2.7662220001220703,-2.3912220001220703,-5.51622200012207
2026-05-20T19:27:51.038765+00:00,mlx-community/Qwen3-1.7B-4bit,3,hrm,0.5294117647058824,9,17,5.245653582998784,1,1,0.2,0.03,0.05,0.01,0.01,1.0,1.0,1.0,12,modular,B,B,True,-3.00921630859375,-2.25921630859375,-3.75921630859375,-2.63421630859375
2026-05-20T19:27:51.038765+00:00,mlx-community/Qwen3-1.7B-4bit,3,hrm,0.5294117647058824,9,17,5.245653582998784,1,1,0.2,0.03,0.05,0.01,0.01,1.0,1.0,1.0,12,work_rate,A,A,True,-0.7246742248535156,-4.224674224853516,-6.474674224853516,-5.474674224853516
2026-05-20T19:27:51.038765+00:00,mlx-community/Qwen3-1.7B-4bit,3,hrm,0.5294117647058824,9,17,5.245653582998784,1,1,0.2,0.03,0.05,0.01,0.01,1.0,1.0,1.0,12,probability,B,A,False,-0.9801959991455078,-2.355195999145508,-3.605195999145508,-2.980195999145508
2026-05-20T19:27:51.038765+00:00,mlx-community/Qwen3-1.7B-4bit,3,hrm,0.5294117647058824,9,17,5.245653582998784,1,1,0.2,0.03,0.05,0.01,0.01,1.0,1.0,1.0,12,sequence,C,B,False,-2.339963912963867,-0.8399639129638672,-3.089963912963867,-2.839963912963867
2026-05-20T19:27:51.038765+00:00,mlx-community/Qwen3-1.7B-4bit,3,hrm,0.5294117647058824,9,17,5.245653582998784,1,1,0.2,0.03,0.05,0.01,0.01,1.0,1.0,1.0,12,linear_word,B,B,True,-2.5136032104492188,-1.8886032104492188,-3.3886032104492188,-2.1386032104492188
2026-05-20T19:27:51.038765+00:00,mlx-community/Qwen3-1.7B-4bit,3,hrm,0.5294117647058824,9,17,5.245653582998784,1,1,0.2,0.03,0.05,0.01,0.01,1.0,1.0,1.0,12,reverse_discount,C,B,False,-3.0788421630859375,-0.9538421630859375,-3.5788421630859375,-2.0788421630859375
2026-05-20T19:27:51.038765+00:00,mlx-community/Qwen3-1.7B-4bit,3,hrm,0.5294117647058824,9,17,5.245653582998784,1,1,0.2,0.03,0.05,0.01,0.01,1.0,1.0,1.0,12,multiples,B,C,False,-4.45524787902832,-5.08024787902832,-0.8302478790283203,-1.7052478790283203
2026-05-20T19:27:51.038765+00:00,mlx-community/Qwen3-1.7B-4bit,3,hrm,0.5294117647058824,9,17,5.245653582998784,1,1,0.2,0.03,0.05,0.01,0.01,1.0,1.0,1.0,12,rectangle,B,B,True,-2.9728336334228516,-0.34783363342285156,-5.097833633422852,-4.472833633422852
2026-05-20T19:27:51.038765+00:00,mlx-community/Qwen3-1.7B-4bit,3,hrm,0.5294117647058824,9,17,5.245653582998784,1,1,0.2,0.03,0.05,0.01,0.01,1.0,1.0,1.0,12,average,C,C,True,-2.7538185119628906,-6.003818511962891,-0.6288185119628906,-4.753818511962891
2026-05-20T19:27:51.038765+00:00,mlx-community/Qwen3-1.7B-4bit,3,hrm,0.5294117647058824,9,17,5.245653582998784,1,1,0.2,0.03,0.05,0.01,0.01,1.0,1.0,1.0,12,combinations,B,B,True,-5.812017440795898,-0.18701744079589844,-6.062017440795898,-8.812017440795898
2026-05-20T19:27:51.038765+00:00,mlx-community/Qwen3-1.7B-4bit,3,hrm,0.5294117647058824,9,17,5.245653582998784,1,1,0.2,0.03,0.05,0.01,0.01,1.0,1.0,1.0,12,coins,C,C,True,-5.294214248657227,-8.419214248657227,-0.16921424865722656,-8.419214248657227
2026-05-20T19:27:51.038765+00:00,mlx-community/Qwen3-1.7B-4bit,3,hrm,0.5294117647058824,9,17,5.245653582998784,1,1,0.2,0.03,0.05,0.01,0.01,1.0,1.0,1.0,12,modular_small,B,A,False,-1.6472396850585938,-2.8972396850585938,-2.8972396850585938,-2.6472396850585938
2026-05-20T19:27:51.038765+00:00,mlx-community/Qwen3-1.7B-4bit,3,hrm,0.5294117647058824,9,17,5.245653582998784,1,1,0.2,0.03,0.05,0.01,0.01,1.0,1.0,1.0,12,syllogism,A,D,False,-3.3212242126464844,-3.5712242126464844,-2.9462242126464844,-0.9462242126464844
2026-05-20T19:27:56.249915+00:00,mlx-community/Qwen3-1.7B-4bit,4,hrm,0.5882352941176471,10,17,5.210926332998497,1,1,0.2,0.03,0.05,0.01,0.01,1.0,1.0,1.0,14,algebra,B,B,True,-3.272796630859375,-0.147796630859375,-6.585296630859375,-4.647796630859375
2026-05-20T19:27:56.249915+00:00,mlx-community/Qwen3-1.7B-4bit,4,hrm,0.5882352941176471,10,17,5.210926332998497,1,1,0.2,0.03,0.05,0.01,0.01,1.0,1.0,1.0,14,markup,C,D,False,-2.4892539978027344,-3.1142539978027344,-5.801753997802734,-0.6142539978027344
2026-05-20T19:27:56.249915+00:00,mlx-community/Qwen3-1.7B-4bit,4,hrm,0.5882352941176471,10,17,5.210926332998497,1,1,0.2,0.03,0.05,0.01,0.01,1.0,1.0,1.0,14,boxes,C,C,True,-5.922243118286133,-5.234743118286133,-0.8597431182861328,-4.609743118286133
2026-05-20T19:27:56.249915+00:00,mlx-community/Qwen3-1.7B-4bit,4,hrm,0.5882352941176471,10,17,5.210926332998497,1,1,0.2,0.03,0.05,0.01,0.01,1.0,1.0,1.0,14,inclusion,B,B,True,-3.2651805877685547,-2.7651805877685547,-3.7651805877685547,-4.952680587768555
2026-05-20T19:27:56.249915+00:00,mlx-community/Qwen3-1.7B-4bit,4,hrm,0.5882352941176471,10,17,5.210926332998497,1,1,0.2,0.03,0.05,0.01,0.01,1.0,1.0,1.0,14,modular,B,B,True,-3.366971969604492,-1.3669719696044922,-3.366971969604492,-2.116971969604492
2026-05-20T19:27:56.249915+00:00,mlx-community/Qwen3-1.7B-4bit,4,hrm,0.5882352941176471,10,17,5.210926332998497,1,1,0.2,0.03,0.05,0.01,0.01,1.0,1.0,1.0,14,work_rate,A,A,True,-0.5525951385498047,-4.552595138549805,-7.615095138549805,-6.177595138549805
2026-05-20T19:27:56.249915+00:00,mlx-community/Qwen3-1.7B-4bit,4,hrm,0.5882352941176471,10,17,5.210926332998497,1,1,0.2,0.03,0.05,0.01,0.01,1.0,1.0,1.0,14,probability,B,A,False,-1.3303813934326172,-2.580381393432617,-3.830381393432617,-2.455381393432617
2026-05-20T19:27:56.249915+00:00,mlx-community/Qwen3-1.7B-4bit,4,hrm,0.5882352941176471,10,17,5.210926332998497,1,1,0.2,0.03,0.05,0.01,0.01,1.0,1.0,1.0,14,sequence,C,B,False,-3.6177024841308594,-0.8677024841308594,-3.8677024841308594,-2.4927024841308594
2026-05-20T19:27:56.249915+00:00,mlx-community/Qwen3-1.7B-4bit,4,hrm,0.5882352941176471,10,17,5.210926332998497,1,1,0.2,0.03,0.05,0.01,0.01,1.0,1.0,1.0,14,linear_word,B,B,True,-2.124410629272461,-1.624410629272461,-3.499410629272461,-2.374410629272461
2026-05-20T19:27:56.249915+00:00,mlx-community/Qwen3-1.7B-4bit,4,hrm,0.5882352941176471,10,17,5.210926332998497,1,1,0.2,0.03,0.05,0.01,0.01,1.0,1.0,1.0,14,reverse_discount,C,B,False,-3.165487289428711,-0.9154872894287109,-4.165487289428711,-2.040487289428711
2026-05-20T19:27:56.249915+00:00,mlx-community/Qwen3-1.7B-4bit,4,hrm,0.5882352941176471,10,17,5.210926332998497,1,1,0.2,0.03,0.05,0.01,0.01,1.0,1.0,1.0,14,multiples,B,D,False,-4.914545059204102,-5.602045059204102,-1.5395450592041016,-1.0395450592041016
2026-05-20T19:27:56.249915+00:00,mlx-community/Qwen3-1.7B-4bit,4,hrm,0.5882352941176471,10,17,5.210926332998497,1,1,0.2,0.03,0.05,0.01,0.01,1.0,1.0,1.0,14,rectangle,B,B,True,-3.017488479614258,-0.2674884796142578,-5.392488479614258,-5.392488479614258
2026-05-20T19:27:56.249915+00:00,mlx-community/Qwen3-1.7B-4bit,4,hrm,0.5882352941176471,10,17,5.210926332998497,1,1,0.2,0.03,0.05,0.01,0.01,1.0,1.0,1.0,14,average,C,C,True,-3.137056350708008,-5.387056350708008,-0.5120563507080078,-4.762056350708008
2026-05-20T19:27:56.249915+00:00,mlx-community/Qwen3-1.7B-4bit,4,hrm,0.5882352941176471,10,17,5.210926332998497,1,1,0.2,0.03,0.05,0.01,0.01,1.0,1.0,1.0,14,combinations,B,B,True,-6.42302131652832,-0.2980213165283203,-7.17302131652832,-7.86052131652832
2026-05-20T19:27:56.249915+00:00,mlx-community/Qwen3-1.7B-4bit,4,hrm,0.5882352941176471,10,17,5.210926332998497,1,1,0.2,0.03,0.05,0.01,0.01,1.0,1.0,1.0,14,coins,C,C,True,-5.322458267211914,-8.634958267211914,-0.19745826721191406,-8.384958267211914
2026-05-20T19:27:56.249915+00:00,mlx-community/Qwen3-1.7B-4bit,4,hrm,0.5882352941176471,10,17,5.210926332998497,1,1,0.2,0.03,0.05,0.01,0.01,1.0,1.0,1.0,14,modular_small,B,A,False,-1.851114273071289,-2.351114273071289,-2.726114273071289,-1.976114273071289
2026-05-20T19:27:56.249915+00:00,mlx-community/Qwen3-1.7B-4bit,4,hrm,0.5882352941176471,10,17,5.210926332998497,1,1,0.2,0.03,0.05,0.01,0.01,1.0,1.0,1.0,14,syllogism,A,D,False,-3.8990612030029297,-4.39906120300293,-3.2740612030029297,-1.1490612030029297
2026-05-20T19:28:01.502481+00:00,mlx-community/Qwen3-1.7B-4bit,5,hrm,0.5294117647058824,9,17,5.252349292000872,1,1,0.2,0.03,0.05,0.01,0.01,1.0,1.0,1.0,16,algebra,B,B,True,-3.522613525390625,-0.147613525390625,-6.647613525390625,-4.272613525390625
2026-05-20T19:28:01.502481+00:00,mlx-community/Qwen3-1.7B-4bit,5,hrm,0.5294117647058824,9,17,5.252349292000872,1,1,0.2,0.03,0.05,0.01,0.01,1.0,1.0,1.0,16,markup,C,D,False,-2.3831119537353516,-3.7581119537353516,-6.508111953735352,-0.38311195373535156
2026-05-20T19:28:01.502481+00:00,mlx-community/Qwen3-1.7B-4bit,5,hrm,0.5294117647058824,9,17,5.252349292000872,1,1,0.2,0.03,0.05,0.01,0.01,1.0,1.0,1.0,16,boxes,C,C,True,-5.3691558837890625,-4.6191558837890625,-0.7441558837890625,-4.8691558837890625
2026-05-20T19:28:01.502481+00:00,mlx-community/Qwen3-1.7B-4bit,5,hrm,0.5294117647058824,9,17,5.252349292000872,1,1,0.2,0.03,0.05,0.01,0.01,1.0,1.0,1.0,16,inclusion,B,B,True,-2.6011886596679688,-1.4761886596679688,-3.2261886596679688,-3.8511886596679688
2026-05-20T19:28:01.502481+00:00,mlx-community/Qwen3-1.7B-4bit,5,hrm,0.5294117647058824,9,17,5.252349292000872,1,1,0.2,0.03,0.05,0.01,0.01,1.0,1.0,1.0,16,modular,B,D,False,-2.804727554321289,-2.054727554321289,-3.929727554321289,-1.804727554321289
2026-05-20T19:28:01.502481+00:00,mlx-community/Qwen3-1.7B-4bit,5,hrm,0.5294117647058824,9,17,5.252349292000872,1,1,0.2,0.03,0.05,0.01,0.01,1.0,1.0,1.0,16,work_rate,A,A,True,-0.40779685974121094,-5.282796859741211,-7.532796859741211,-5.782796859741211
2026-05-20T19:28:01.502481+00:00,mlx-community/Qwen3-1.7B-4bit,5,hrm,0.5294117647058824,9,17,5.252349292000872,1,1,0.2,0.03,0.05,0.01,0.01,1.0,1.0,1.0,16,probability,B,A,False,-1.19097900390625,-3.19097900390625,-4.31597900390625,-2.06597900390625
2026-05-20T19:28:01.502481+00:00,mlx-community/Qwen3-1.7B-4bit,5,hrm,0.5294117647058824,9,17,5.252349292000872,1,1,0.2,0.03,0.05,0.01,0.01,1.0,1.0,1.0,16,sequence,C,B,False,-3.9499683380126953,-0.3249683380126953,-2.8249683380126953,-2.5749683380126953
2026-05-20T19:28:01.502481+00:00,mlx-community/Qwen3-1.7B-4bit,5,hrm,0.5294117647058824,9,17,5.252349292000872,1,1,0.2,0.03,0.05,0.01,0.01,1.0,1.0,1.0,16,linear_word,B,B,True,-2.6751060485839844,-1.9251060485839844,-3.6751060485839844,-2.9251060485839844
2026-05-20T19:28:01.502481+00:00,mlx-community/Qwen3-1.7B-4bit,5,hrm,0.5294117647058824,9,17,5.252349292000872,1,1,0.2,0.03,0.05,0.01,0.01,1.0,1.0,1.0,16,reverse_discount,C,B,False,-2.7575206756591797,-0.8825206756591797,-4.38252067565918,-1.8825206756591797
2026-05-20T19:28:01.502481+00:00,mlx-community/Qwen3-1.7B-4bit,5,hrm,0.5294117647058824,9,17,5.252349292000872,1,1,0.2,0.03,0.05,0.01,0.01,1.0,1.0,1.0,16,multiples,B,D,False,-4.4339141845703125,-4.5589141845703125,-1.5589141845703125,-0.8089141845703125
2026-05-20T19:28:01.502481+00:00,mlx-community/Qwen3-1.7B-4bit,5,hrm,0.5294117647058824,9,17,5.252349292000872,1,1,0.2,0.03,0.05,0.01,0.01,1.0,1.0,1.0,16,rectangle,B,B,True,-4.030384063720703,-0.15538406372070312,-6.405384063720703,-5.530384063720703
2026-05-20T19:28:01.502481+00:00,mlx-community/Qwen3-1.7B-4bit,5,hrm,0.5294117647058824,9,17,5.252349292000872,1,1,0.2,0.03,0.05,0.01,0.01,1.0,1.0,1.0,16,average,C,C,True,-2.904470443725586,-5.029470443725586,-0.5294704437255859,-4.654470443725586
2026-05-20T19:28:01.502481+00:00,mlx-community/Qwen3-1.7B-4bit,5,hrm,0.5294117647058824,9,17,5.252349292000872,1,1,0.2,0.03,0.05,0.01,0.01,1.0,1.0,1.0,16,combinations,B,B,True,-5.942327499389648,-0.19232749938964844,-7.442327499389648,-7.567327499389648
2026-05-20T19:28:01.502481+00:00,mlx-community/Qwen3-1.7B-4bit,5,hrm,0.5294117647058824,9,17,5.252349292000872,1,1,0.2,0.03,0.05,0.01,0.01,1.0,1.0,1.0,16,coins,C,C,True,-5.63267707824707,-9.00767707824707,-0.1326770782470703,-8.38267707824707
2026-05-20T19:28:01.502481+00:00,mlx-community/Qwen3-1.7B-4bit,5,hrm,0.5294117647058824,9,17,5.252349292000872,1,1,0.2,0.03,0.05,0.01,0.01,1.0,1.0,1.0,16,modular_small,B,A,False,-1.3197574615478516,-2.6947574615478516,-2.6947574615478516,-1.9447574615478516
2026-05-20T19:28:01.502481+00:00,mlx-community/Qwen3-1.7B-4bit,5,hrm,0.5294117647058824,9,17,5.252349292000872,1,1,0.2,0.03,0.05,0.01,0.01,1.0,1.0,1.0,16,syllogism,A,D,False,-3.6462783813476562,-3.5212783813476562,-3.2712783813476562,-0.6462783813476562
2026-05-20T19:28:06.763074+00:00,mlx-community/Qwen3-1.7B-4bit,6,hrm,0.5882352941176471,10,17,5.260390416999144,1,1,0.2,0.03,0.05,0.01,0.01,1.0,1.0,1.0,18,algebra,B,B,True,-3.060861587524414,-0.18586158752441406,-5.810861587524414,-3.935861587524414
2026-05-20T19:28:06.763074+00:00,mlx-community/Qwen3-1.7B-4bit,6,hrm,0.5882352941176471,10,17,5.260390416999144,1,1,0.2,0.03,0.05,0.01,0.01,1.0,1.0,1.0,18,markup,C,D,False,-2.2898941040039062,-2.5398941040039062,-5.789894104003906,-0.5398941040039062
2026-05-20T19:28:06.763074+00:00,mlx-community/Qwen3-1.7B-4bit,6,hrm,0.5882352941176471,10,17,5.260390416999144,1,1,0.2,0.03,0.05,0.01,0.01,1.0,1.0,1.0,18,boxes,C,C,True,-5.87255859375,-5.12255859375,-0.37255859375,-3.99755859375
2026-05-20T19:28:06.763074+00:00,mlx-community/Qwen3-1.7B-4bit,6,hrm,0.5882352941176471,10,17,5.260390416999144,1,1,0.2,0.03,0.05,0.01,0.01,1.0,1.0,1.0,18,inclusion,B,B,True,-2.632596969604492,-2.007596969604492,-3.132596969604492,-4.132596969604492
2026-05-20T19:28:06.763074+00:00,mlx-community/Qwen3-1.7B-4bit,6,hrm,0.5882352941176471,10,17,5.260390416999144,1,1,0.2,0.03,0.05,0.01,0.01,1.0,1.0,1.0,18,modular,B,B,True,-2.6351356506347656,-1.5101356506347656,-3.2601356506347656,-1.6351356506347656
2026-05-20T19:28:06.763074+00:00,mlx-community/Qwen3-1.7B-4bit,6,hrm,0.5882352941176471,10,17,5.260390416999144,1,1,0.2,0.03,0.05,0.01,0.01,1.0,1.0,1.0,18,work_rate,A,A,True,-0.2227153778076172,-4.472715377807617,-7.472715377807617,-6.097715377807617
2026-05-20T19:28:06.763074+00:00,mlx-community/Qwen3-1.7B-4bit,6,hrm,0.5882352941176471,10,17,5.260390416999144,1,1,0.2,0.03,0.05,0.01,0.01,1.0,1.0,1.0,18,probability,B,A,False,-0.9154224395751953,-1.7904224395751953,-3.7904224395751953,-1.9154224395751953
2026-05-20T19:28:06.763074+00:00,mlx-community/Qwen3-1.7B-4bit,6,hrm,0.5882352941176471,10,17,5.260390416999144,1,1,0.2,0.03,0.05,0.01,0.01,1.0,1.0,1.0,18,sequence,C,B,False,-3.2090625762939453,-0.5840625762939453,-3.3340625762939453,-2.3340625762939453
2026-05-20T19:28:06.763074+00:00,mlx-community/Qwen3-1.7B-4bit,6,hrm,0.5882352941176471,10,17,5.260390416999144,1,1,0.2,0.03,0.05,0.01,0.01,1.0,1.0,1.0,18,linear_word,B,B,True,-2.1866817474365234,-1.1866817474365234,-3.4366817474365234,-2.0616817474365234
2026-05-20T19:28:06.763074+00:00,mlx-community/Qwen3-1.7B-4bit,6,hrm,0.5882352941176471,10,17,5.260390416999144,1,1,0.2,0.03,0.05,0.01,0.01,1.0,1.0,1.0,18,reverse_discount,C,B,False,-2.9620704650878906,-0.5870704650878906,-3.9620704650878906,-1.7120704650878906
2026-05-20T19:28:06.763074+00:00,mlx-community/Qwen3-1.7B-4bit,6,hrm,0.5882352941176471,10,17,5.260390416999144,1,1,0.2,0.03,0.05,0.01,0.01,1.0,1.0,1.0,18,multiples,B,D,False,-4.306953430175781,-5.306953430175781,-1.4319534301757812,-0.9319534301757812
2026-05-20T19:28:06.763074+00:00,mlx-community/Qwen3-1.7B-4bit,6,hrm,0.5882352941176471,10,17,5.260390416999144,1,1,0.2,0.03,0.05,0.01,0.01,1.0,1.0,1.0,18,rectangle,B,B,True,-3.1987476348876953,-0.1987476348876953,-5.823747634887695,-5.448747634887695
2026-05-20T19:28:06.763074+00:00,mlx-community/Qwen3-1.7B-4bit,6,hrm,0.5882352941176471,10,17,5.260390416999144,1,1,0.2,0.03,0.05,0.01,0.01,1.0,1.0,1.0,18,average,C,C,True,-2.5412826538085938,-4.791282653808594,-0.5412826538085938,-4.041282653808594
2026-05-20T19:28:06.763074+00:00,mlx-community/Qwen3-1.7B-4bit,6,hrm,0.5882352941176471,10,17,5.260390416999144,1,1,0.2,0.03,0.05,0.01,0.01,1.0,1.0,1.0,18,combinations,B,B,True,-5.911823272705078,-0.16182327270507812,-7.036823272705078,-7.786823272705078
2026-05-20T19:28:06.763074+00:00,mlx-community/Qwen3-1.7B-4bit,6,hrm,0.5882352941176471,10,17,5.260390416999144,1,1,0.2,0.03,0.05,0.01,0.01,1.0,1.0,1.0,18,coins,C,C,True,-5.924276351928711,-8.549276351928711,-0.17427635192871094,-8.174276351928711
2026-05-20T19:28:06.763074+00:00,mlx-community/Qwen3-1.7B-4bit,6,hrm,0.5882352941176471,10,17,5.260390416999144,1,1,0.2,0.03,0.05,0.01,0.01,1.0,1.0,1.0,18,modular_small,B,A,False,-1.3482093811035156,-2.4732093811035156,-2.3482093811035156,-1.7232093811035156
2026-05-20T19:28:06.763074+00:00,mlx-community/Qwen3-1.7B-4bit,6,hrm,0.5882352941176471,10,17,5.260390416999144,1,1,0.2,0.03,0.05,0.01,0.01,1.0,1.0,1.0,18,syllogism,A,D,False,-3.4998703002929688,-3.6248703002929688,-2.8748703002929688,-0.49987030029296875
2026-05-20T19:28:11.985833+00:00,mlx-community/Qwen3-1.7B-4bit,7,hrm,0.5882352941176471,10,17,5.222566958000243,1,1,0.2,0.03,0.05,0.01,0.01,1.0,1.0,1.0,20,algebra,B,B,True,-3.3520946502685547,-0.10209465026855469,-5.227094650268555,-4.602094650268555
2026-05-20T19:28:11.985833+00:00,mlx-community/Qwen3-1.7B-4bit,7,hrm,0.5882352941176471,10,17,5.222566958000243,1,1,0.2,0.03,0.05,0.01,0.01,1.0,1.0,1.0,20,markup,C,D,False,-1.9192180633544922,-2.419218063354492,-5.294218063354492,-0.7942180633544922
2026-05-20T19:28:11.985833+00:00,mlx-community/Qwen3-1.7B-4bit,7,hrm,0.5882352941176471,10,17,5.222566958000243,1,1,0.2,0.03,0.05,0.01,0.01,1.0,1.0,1.0,20,boxes,C,C,True,-6.265951156616211,-5.015951156616211,-0.26595115661621094,-4.640951156616211
2026-05-20T19:28:11.985833+00:00,mlx-community/Qwen3-1.7B-4bit,7,hrm,0.5882352941176471,10,17,5.222566958000243,1,1,0.2,0.03,0.05,0.01,0.01,1.0,1.0,1.0,20,inclusion,B,B,True,-2.552684783935547,-1.5526847839355469,-2.427684783935547,-4.177684783935547
2026-05-20T19:28:11.985833+00:00,mlx-community/Qwen3-1.7B-4bit,7,hrm,0.5882352941176471,10,17,5.222566958000243,1,1,0.2,0.03,0.05,0.01,0.01,1.0,1.0,1.0,20,modular,B,B,True,-2.9165306091308594,-1.1665306091308594,-2.7915306091308594,-1.6665306091308594
2026-05-20T19:28:11.985833+00:00,mlx-community/Qwen3-1.7B-4bit,7,hrm,0.5882352941176471,10,17,5.222566958000243,1,1,0.2,0.03,0.05,0.01,0.01,1.0,1.0,1.0,20,work_rate,A,A,True,-0.2334270477294922,-3.733427047729492,-7.358427047729492,-6.233427047729492
2026-05-20T19:28:11.985833+00:00,mlx-community/Qwen3-1.7B-4bit,7,hrm,0.5882352941176471,10,17,5.222566958000243,1,1,0.2,0.03,0.05,0.01,0.01,1.0,1.0,1.0,20,probability,B,A,False,-0.8283977508544922,-1.8283977508544922,-3.578397750854492,-1.8283977508544922
2026-05-20T19:28:11.985833+00:00,mlx-community/Qwen3-1.7B-4bit,7,hrm,0.5882352941176471,10,17,5.222566958000243,1,1,0.2,0.03,0.05,0.01,0.01,1.0,1.0,1.0,20,sequence,C,B,False,-3.183462142944336,-0.5584621429443359,-2.933462142944336,-2.058462142944336
2026-05-20T19:28:11.985833+00:00,mlx-community/Qwen3-1.7B-4bit,7,hrm,0.5882352941176471,10,17,5.222566958000243,1,1,0.2,0.03,0.05,0.01,0.01,1.0,1.0,1.0,20,linear_word,B,B,True,-2.5561676025390625,-1.3061676025390625,-3.1811676025390625,-2.5561676025390625
2026-05-20T19:28:11.985833+00:00,mlx-community/Qwen3-1.7B-4bit,7,hrm,0.5882352941176471,10,17,5.222566958000243,1,1,0.2,0.03,0.05,0.01,0.01,1.0,1.0,1.0,20,reverse_discount,C,B,False,-2.6926612854003906,-0.5676612854003906,-3.6926612854003906,-2.0676612854003906
2026-05-20T19:28:11.985833+00:00,mlx-community/Qwen3-1.7B-4bit,7,hrm,0.5882352941176471,10,17,5.222566958000243,1,1,0.2,0.03,0.05,0.01,0.01,1.0,1.0,1.0,20,multiples,B,D,False,-4.2313385009765625,-4.4813385009765625,-1.1063385009765625,-0.8563385009765625
2026-05-20T19:28:11.985833+00:00,mlx-community/Qwen3-1.7B-4bit,7,hrm,0.5882352941176471,10,17,5.222566958000243,1,1,0.2,0.03,0.05,0.01,0.01,1.0,1.0,1.0,20,rectangle,B,B,True,-3.5137901306152344,-0.13879013061523438,-5.513790130615234,-6.013790130615234
2026-05-20T19:28:11.985833+00:00,mlx-community/Qwen3-1.7B-4bit,7,hrm,0.5882352941176471,10,17,5.222566958000243,1,1,0.2,0.03,0.05,0.01,0.01,1.0,1.0,1.0,20,average,C,C,True,-2.9226455688476562,-5.172645568847656,-0.29764556884765625,-4.797645568847656
2026-05-20T19:28:11.985833+00:00,mlx-community/Qwen3-1.7B-4bit,7,hrm,0.5882352941176471,10,17,5.222566958000243,1,1,0.2,0.03,0.05,0.01,0.01,1.0,1.0,1.0,20,combinations,B,B,True,-6.31025505065918,-0.06025505065917969,-6.68525505065918,-8.06025505065918
2026-05-20T19:28:11.985833+00:00,mlx-community/Qwen3-1.7B-4bit,7,hrm,0.5882352941176471,10,17,5.222566958000243,1,1,0.2,0.03,0.05,0.01,0.01,1.0,1.0,1.0,20,coins,C,C,True,-5.969202041625977,-7.969202041625977,-0.09420204162597656,-8.344202041625977
2026-05-20T19:28:11.985833+00:00,mlx-community/Qwen3-1.7B-4bit,7,hrm,0.5882352941176471,10,17,5.222566958000243,1,1,0.2,0.03,0.05,0.01,0.01,1.0,1.0,1.0,20,modular_small,B,A,False,-1.6601009368896484,-1.9101009368896484,-1.7851009368896484,-1.9101009368896484
2026-05-20T19:28:11.985833+00:00,mlx-community/Qwen3-1.7B-4bit,7,hrm,0.5882352941176471,10,17,5.222566958000243,1,1,0.2,0.03,0.05,0.01,0.01,1.0,1.0,1.0,20,syllogism,A,D,False,-3.4843997955322266,-3.3593997955322266,-3.1093997955322266,-0.48439979553222656
